,rank,rank_mass,auc,model
0,0.8,0.91119385,0.7999999999999999,iter
1,0.7,0.93740135,0.72,iter
2,0.8,0.93169516,0.92,iter
3,0.8,0.8783807,0.82,iter
4,0.8,0.90817785,0.88,iter
5,0.9,0.9495338,0.9400000000000001,iter
6,0.7,0.9432255,0.7,iter
7,0.7,0.958194,0.8200000000000001,iter
8,0.8,0.9685723,0.9,iter
9,0.9,0.9034636,0.92,iter
10,0.7,0.84988695,0.8,iter
11,0.8,0.91839683,0.84,iter
12,0.9,0.9558965,0.9,iter
13,0.8,0.94211113,0.9,iter
14,0.9,0.9615787,0.8600000000000001,iter
15,0.9,0.90531147,0.8800000000000001,iter
16,0.8,0.86499804,0.82,iter
17,0.6,0.7759616,0.43999999999999995,iter
18,0.8,0.9589158,0.82,iter
19,0.9,0.983777,0.92,iter
20,0.7,0.97613007,0.6599999999999999,iter
21,0.8,0.91317326,0.8600000000000001,iter
22,0.8,0.92763484,0.84,iter
23,0.9,0.913692,0.9800000000000001,iter
24,0.8,0.935646,0.8,iter
25,0.8,0.9416706,0.8800000000000001,iter
26,0.9,0.9251674,0.8400000000000001,iter
27,0.9,0.92628294,0.9199999999999999,iter
28,0.9,0.95627254,0.96,iter
29,0.8,0.9607569,0.8,iter
30,0.8,0.8871682,0.7,iter
31,0.8,0.9379516,0.8200000000000001,iter
32,0.9,0.953703,0.9600000000000001,iter
33,0.7,0.7488608,0.5599999999999999,iter
34,0.8,0.8581104,0.72,iter
35,0.8,0.886131,0.8200000000000001,iter
36,0.9,0.97184545,0.9400000000000001,iter
37,0.8,0.9220517,0.86,iter
38,0.7,0.9135454,0.6799999999999999,iter
39,0.9,0.9578875,0.88,iter
40,0.8,0.9290874,0.88,iter
41,0.9,0.95158255,0.9600000000000001,iter
42,0.8,0.9684277,0.8,iter
43,0.7,0.9239499,0.6799999999999999,iter
44,0.8,0.97180545,0.88,iter
45,0.9,0.9526779,0.8800000000000001,iter
46,0.8,0.8759205,0.8400000000000001,iter
47,0.8,0.855258,0.8200000000000001,iter
48,0.9,0.92457956,0.9800000000000001,iter
49,0.8,0.9828581,0.88,iter
50,0.8,0.82541347,0.8,iter
51,0.7,0.9120907,0.72,iter
52,0.8,0.94991285,0.86,iter
53,0.9,0.94486046,0.88,iter
54,0.7,0.92707217,0.8,iter
55,0.7,0.9349132,0.6599999999999999,iter
56,0.9,0.9477023,0.9199999999999999,iter
57,0.8,0.8847925,0.78,iter
58,0.8,0.97058266,0.9,iter
59,0.8,0.9470255,0.8400000000000001,iter
60,0.8,0.8976321,0.74,iter
61,0.9,0.9781618,0.92,iter
62,0.9,0.92435706,0.9199999999999999,iter
63,0.8,0.95284873,0.8,iter
64,0.8,0.9147806,0.8400000000000001,iter
65,0.7,0.8480516,0.6000000000000001,iter
66,1.0,0.98974174,1.0,iter
67,0.9,0.9226344,0.8600000000000001,iter
68,1.0,0.9825713,1.0,iter
69,0.9,0.9687427,0.9000000000000001,iter
70,0.8,0.8767061,0.78,iter
71,0.8,0.9836984,0.8200000000000001,iter
72,0.8,0.9371223,0.86,iter
73,0.7,0.97585917,0.78,iter
74,0.7,0.7473422,0.5800000000000001,iter
75,0.9,0.97242934,0.9800000000000001,iter
76,0.8,0.9247879,0.84,iter
77,0.9,0.9758525,0.92,iter
78,0.9,0.95045465,0.9800000000000001,iter
79,0.7,0.89511734,0.8200000000000001,iter
80,0.7,0.9081772,0.74,iter
81,0.9,0.8965131,0.88,iter
82,1.0,0.9656376,1.0,iter
83,1.0,0.9559424,1.0,iter
84,0.8,0.96630734,0.7999999999999999,iter
85,0.9,0.949178,0.9,iter
86,0.9,0.978748,0.9600000000000001,iter
87,0.9,0.9677792,0.8800000000000001,iter
88,0.9,0.964876,0.9,iter
89,0.9,0.9693995,0.9,iter
90,0.7,0.8280487,0.6599999999999999,iter
91,0.7,0.9616159,0.74,iter
92,0.9,0.93221337,0.8600000000000001,iter
93,0.8,0.881094,0.76,iter
94,0.9,0.95857364,0.92,iter
95,0.9,0.9036542,0.92,iter
96,0.8,0.9393924,0.72,iter
97,0.8,0.89339924,0.76,iter
98,0.7,0.8884924,0.56,iter
99,0.8,0.95145357,0.84,iter
100,0.9,0.942368,0.9199999999999999,iter
101,0.8,0.9293546,0.8200000000000001,iter
102,0.9,0.92640877,0.86,iter
103,0.8,0.9099458,0.84,iter
104,0.8,0.95193326,0.8400000000000001,iter
105,1.0,0.9853905,1.0,iter
106,0.8,0.96286505,0.88,iter
107,0.8,0.91086215,0.84,iter
108,0.7,0.84738034,0.72,iter
109,0.7,0.8610552,0.6599999999999999,iter
110,0.7,0.7086404,0.5800000000000001,iter
111,0.9,0.9036532,0.8,iter
112,0.8,0.9527568,0.6799999999999999,iter
113,0.6,0.93648905,0.6799999999999999,iter
114,0.9,0.9429231,0.8400000000000001,iter
115,0.6,0.9565812,0.6199999999999999,iter
116,0.9,0.9568366,0.9000000000000001,iter
117,0.8,0.8884497,0.6799999999999999,iter
118,0.9,0.9801462,0.8800000000000001,iter
119,0.8,0.9516496,0.88,iter
120,0.9,0.9655426,0.92,iter
121,0.8,0.94281924,0.74,iter
122,1.0,0.9765964,1.0,iter
123,0.8,0.94993633,0.8,iter
124,0.8,0.9285208,0.84,iter
125,0.8,0.96338284,0.8400000000000001,iter
126,0.9,0.9621183,0.8600000000000001,iter
127,0.8,0.94556665,0.88,iter
128,0.7,0.8496113,0.64,iter
129,0.7,0.91291463,0.8200000000000001,iter
130,0.8,0.88070995,0.8400000000000001,iter
131,0.7,0.8570218,0.6799999999999999,iter
132,0.9,0.9506784,0.92,iter
133,0.9,0.9293412,0.92,iter
134,0.8,0.9242512,0.84,iter
135,0.8,0.84206575,0.76,iter
136,0.9,0.9670802,0.8600000000000001,iter
137,1.0,0.9808574,1.0,iter
138,0.9,0.9748914,0.9800000000000001,iter
139,0.8,0.9808114,0.8400000000000001,iter
140,0.8,0.86754566,0.74,iter
141,1.0,0.95642084,1.0,iter
142,0.7,0.92319113,0.7,iter
143,0.9,0.93847024,0.8800000000000001,iter
144,0.9,0.9519048,0.8600000000000001,iter
145,0.8,0.8832403,0.74,iter
146,0.8,0.9023097,0.78,iter
147,0.8,0.9336104,0.8,iter
148,0.8,0.9467108,0.8200000000000001,iter
149,0.7,0.928879,0.72,iter
150,0.9,0.87238485,0.9,iter
151,0.9,0.97871494,0.9800000000000001,iter
152,0.9,0.9500926,0.9199999999999999,iter
153,0.8,0.9217707,0.72,iter
154,0.8,0.93825305,0.8400000000000001,iter
155,0.8,0.8511623,0.8200000000000001,iter
156,0.8,0.96284336,0.8,iter
157,0.8,0.95402646,0.8200000000000001,iter
158,0.8,0.953572,0.8400000000000001,iter
159,0.7,0.94216746,0.6799999999999999,iter
160,0.7,0.96670926,0.78,iter
161,0.8,0.93593097,0.86,iter
162,0.8,0.9310595,0.82,iter
163,0.8,0.91965306,0.8,iter
164,0.9,0.9091769,0.9,iter
165,0.7,0.9660738,0.78,iter
166,0.8,0.86073613,0.8799999999999999,iter
167,0.8,0.9806372,0.8200000000000001,iter
168,0.8,0.8749941,0.8,iter
169,0.9,0.9663572,0.9600000000000001,iter
170,0.8,0.9316391,0.8200000000000001,iter
171,0.9,0.971742,0.92,iter
172,0.8,0.8657472,0.8,iter
173,0.9,0.960886,0.9400000000000001,iter
174,0.8,0.95935714,0.86,iter
175,0.7,0.913952,0.7399999999999999,iter
176,0.8,0.93139714,0.7800000000000001,iter
177,0.9,0.9105132,0.78,iter
178,0.9,0.9331554,0.9,iter
179,0.9,0.9415538,0.9400000000000001,iter
180,0.9,0.90734255,0.88,iter
181,0.9,0.9672232,0.9,iter
182,0.8,0.9123924,0.92,iter
183,0.8,0.8735585,0.8,iter
184,0.9,0.94850785,0.8600000000000001,iter
185,0.8,0.89176494,0.8200000000000001,iter
186,0.9,0.9336836,0.9,iter
187,0.7,0.9474026,0.72,iter
188,0.8,0.92215997,0.7000000000000001,iter
189,0.9,0.97012573,0.9800000000000001,iter
190,0.8,0.9730044,0.8799999999999999,iter
191,0.9,0.94904304,0.88,iter
192,0.8,0.9135644,0.74,iter
193,0.8,0.9699863,0.8400000000000001,iter
194,0.7,0.9247815,0.74,iter
195,0.8,0.9003526,0.8200000000000001,iter
196,0.9,0.92820036,0.9400000000000001,iter
197,0.8,0.954553,0.92,iter
198,0.7,0.90639514,0.6399999999999999,iter
199,0.7,0.8343255,0.64,iter
200,0.9,0.9403483,0.96,iter
201,0.9,0.9649771,0.96,iter
202,0.8,0.9223895,0.8200000000000001,iter
203,0.8,0.9385279,0.74,iter
204,0.9,0.9781449,0.96,iter
205,0.9,0.9183771,0.88,iter
206,0.8,0.9540137,0.84,iter
207,0.7,0.9421516,0.7,iter
208,0.7,0.9031189,0.6799999999999999,iter
209,0.8,0.9440318,0.84,iter
210,0.9,0.8419058,0.78,iter
211,0.7,0.91946197,0.76,iter
212,0.7,0.92369205,0.78,iter
213,0.6,0.82481414,0.36,iter
214,0.9,0.93176764,0.92,iter
215,0.9,0.9216249,0.92,iter
216,0.8,0.96463215,0.8800000000000001,iter
217,0.9,0.9789007,0.9800000000000001,iter
218,0.9,0.94450533,0.92,iter
219,0.9,0.949191,0.88,iter
220,0.9,0.96787995,0.9800000000000001,iter
221,0.8,0.95955503,0.86,iter
222,0.7,0.81784225,0.64,iter
223,0.7,0.8405016,0.74,iter
224,0.8,0.86737096,0.7,iter
225,0.9,0.954184,0.9000000000000001,iter
226,0.8,0.88444144,0.8,iter
227,0.8,0.9472933,0.8200000000000001,iter
228,0.8,0.94239235,0.72,iter
229,0.9,0.970491,0.92,iter
230,0.9,0.9673167,0.92,iter
231,0.6,0.89660937,0.6399999999999999,iter
232,0.9,0.95950896,0.9400000000000001,iter
233,1.0,0.9670666,1.0,iter
234,0.9,0.96665055,0.9800000000000001,iter
235,0.7,0.8665401,0.7000000000000001,iter
236,0.7,0.8794695,0.78,iter
237,0.7,0.8907084,0.76,iter
238,0.8,0.89118135,0.82,iter
239,0.8,0.8413642,0.6799999999999999,iter
240,0.8,0.8273418,0.78,iter
241,0.8,0.9157036,0.78,iter
242,0.8,0.9380351,0.88,iter
243,0.7,0.8560481,0.6799999999999999,iter
244,1.0,0.98884404,1.0,iter
245,0.9,0.9146556,0.88,iter
246,0.8,0.9248218,0.72,iter
247,0.9,0.9607818,0.92,iter
248,0.8,0.96985924,0.92,iter
249,0.9,0.96291226,0.96,iter
250,1.0,0.9704861,1.0,iter
251,0.9,0.9517991,0.9400000000000001,iter
252,0.9,0.97157234,0.9600000000000001,iter
253,0.8,0.96340096,0.82,iter
254,0.9,0.96830684,0.9400000000000001,iter
255,0.8,0.98095894,0.8200000000000001,iter
256,0.8,0.92947114,0.88,iter
257,0.8,0.9047441,0.8,iter
258,0.8,0.8927661,0.76,iter
259,0.9,0.91850513,0.9400000000000001,iter
260,0.6,0.9030769,0.54,iter
261,0.8,0.9102692,0.84,iter
262,1.0,0.98390365,1.0,iter
263,1.0,0.9617022,1.0,iter
264,0.9,0.9598072,0.96,iter
265,0.9,0.9785754,0.9400000000000001,iter
266,0.9,0.9937188,0.9400000000000001,iter
267,0.8,0.8812135,0.82,iter
268,0.7,0.94526,0.7399999999999999,iter
269,0.8,0.9150844,0.88,iter
270,0.8,0.9260443,0.86,iter
271,0.8,0.9202377,0.82,iter
272,0.9,0.942273,0.9400000000000001,iter
273,0.8,0.9351833,0.82,iter
274,1.0,0.988091,1.0,iter
275,0.7,0.84041166,0.66,iter
276,0.8,0.8517037,0.74,iter
277,0.9,0.9247653,0.88,iter
278,0.8,0.9576213,0.8200000000000001,iter
279,0.8,0.96120936,0.8200000000000001,iter
280,0.8,0.9735791,0.88,iter
281,0.9,0.9757148,0.9800000000000001,iter
282,0.8,0.9634093,0.84,iter
283,1.0,0.9850309,1.0,iter
284,0.7,0.83037573,0.6399999999999999,iter
285,0.9,0.9523686,0.9,iter
286,0.8,0.927215,0.92,iter
287,0.9,0.91269004,0.9,iter
288,0.7,0.96219593,0.8,iter
289,0.8,0.94645846,0.9,iter
290,0.8,0.9093333,0.8200000000000001,iter
291,0.9,0.9436292,0.9400000000000001,iter
292,0.8,0.9554039,0.86,iter
293,0.8,0.93450606,0.88,iter
294,0.8,0.9533844,0.8200000000000001,iter
295,0.8,0.9367045,0.86,iter
296,0.9,0.96484023,0.96,iter
297,0.9,0.9169425,0.9,iter
298,0.8,0.9251885,0.8400000000000001,iter
299,0.8,0.84462893,0.6399999999999999,iter
300,0.8,0.8644301,0.86,iter
301,0.8,0.9517556,0.72,iter
302,0.8,0.92559135,0.76,iter
303,0.9,0.92270786,0.9,iter
304,0.8,0.97912276,0.8600000000000001,iter
305,0.9,0.9306495,0.8600000000000001,iter
306,0.8,0.9767166,0.8400000000000001,iter
307,0.9,0.98006344,0.96,iter
308,1.0,0.98699206,1.0,iter
309,0.9,0.96068794,0.92,iter
310,0.9,0.9728692,0.9600000000000001,iter
311,0.7,0.9342666,0.76,iter
312,0.9,0.96417254,0.92,iter
313,0.9,0.96808666,0.9000000000000001,iter
314,0.6,0.91970766,0.6199999999999999,iter
315,0.7,0.8925736,0.76,iter
316,0.7,0.955526,0.8,iter
317,0.9,0.9629939,0.92,iter
318,0.9,0.97867453,0.9800000000000001,iter
319,0.8,0.96416473,0.92,iter
320,0.9,0.94813985,0.96,iter
321,0.8,0.8825946,0.72,iter
322,0.7,0.9241432,0.72,iter
323,0.9,0.9495091,0.9400000000000001,iter
324,0.8,0.93919617,0.8400000000000001,iter
325,0.9,0.9621053,0.9,iter
326,0.7,0.8592145,0.6799999999999999,iter
327,0.7,0.9081101,0.74,iter
328,0.8,0.9566075,0.92,iter
329,0.8,0.9187425,0.76,iter
330,0.9,0.9575439,0.9199999999999999,iter
331,0.7,0.90953606,0.8,iter
332,0.7,0.8842897,0.74,iter
333,0.7,0.86337644,0.7,iter
334,0.8,0.9786205,0.84,iter
335,1.0,0.9765187,1.0,iter
336,0.8,0.9590309,0.8,iter
337,0.9,0.9454771,0.92,iter
338,0.8,0.92814106,0.76,iter
339,1.0,0.9703526,1.0,iter
340,0.8,0.95115745,0.8,iter
341,0.9,0.9769303,0.96,iter
342,0.9,0.97828317,0.9400000000000001,iter
343,0.9,0.9734575,0.9400000000000001,iter
344,0.8,0.9278981,0.78,iter
345,0.9,0.90858376,0.8600000000000001,iter
346,0.8,0.93775517,0.8,iter
347,0.9,0.9532511,0.9600000000000001,iter
348,0.8,0.95862776,0.92,iter
349,0.9,0.9105071,0.8400000000000001,iter
350,0.9,0.8993802,0.8600000000000001,iter
351,0.8,0.9363394,0.86,iter
352,0.8,0.9737314,0.86,iter
353,0.9,0.9290414,0.8800000000000001,iter
354,0.8,0.92723244,0.84,iter
355,0.7,0.96386576,0.78,iter
356,0.8,0.9685679,0.8400000000000001,iter
357,0.8,0.92061317,0.78,iter
358,0.9,0.97805476,0.9,iter
359,0.7,0.88725007,0.72,iter
360,0.9,0.96527815,0.92,iter
361,0.9,0.9620859,0.92,iter
362,0.8,0.9465642,0.8400000000000001,iter
363,0.9,0.9408396,0.8600000000000001,iter
364,0.9,0.9265859,0.9,iter
365,0.9,0.8309697,0.8200000000000001,iter
366,0.7,0.7640462,0.6,iter
367,0.9,0.96703124,0.9400000000000001,iter
368,0.8,0.92962766,0.78,iter
369,0.8,0.83224446,0.7000000000000001,iter
370,1.0,0.9647591,1.0,iter
371,0.9,0.9785063,0.96,iter
372,0.8,0.9602913,0.8600000000000001,iter
373,0.8,0.977264,0.88,iter
374,0.8,0.97284716,0.88,iter
375,0.7,0.92754513,0.6799999999999999,iter
376,0.9,0.97915685,0.9400000000000001,iter
377,0.7,0.9382149,0.7,iter
378,0.8,0.9263242,0.8,iter
379,0.9,0.96487176,0.92,iter
380,0.9,0.9377684,0.9600000000000001,iter
381,0.8,0.9034145,0.74,iter
382,0.8,0.92222923,0.84,iter
383,1.0,0.96585953,1.0,iter
384,0.8,0.9283984,0.76,iter
385,1.0,0.9705117,1.0,iter
386,0.7,0.92200094,0.72,iter
387,0.8,0.8415236,0.76,iter
388,0.8,0.9460303,0.8200000000000001,iter
389,0.9,0.90281993,0.88,iter
390,0.8,0.9110967,0.84,iter
391,0.9,0.9704664,0.92,iter
392,0.9,0.9590235,0.96,iter
393,0.9,0.9482539,0.9400000000000001,iter
394,1.0,0.95057046,1.0,iter
395,0.8,0.9267047,0.88,iter
396,0.8,0.9405797,0.8200000000000001,iter
397,0.9,0.9408115,0.9600000000000001,iter
398,0.7,0.9134615,0.66,iter
399,0.7,0.8981743,0.62,iter
400,0.8,0.9491381,0.7799999999999999,iter
401,0.8,0.9039067,0.8,iter
402,0.8,0.977016,0.86,iter
403,0.9,0.95920455,0.8600000000000001,iter
404,0.9,0.98713756,0.96,iter
405,0.9,0.924368,0.86,iter
406,0.8,0.963937,0.8400000000000001,iter
407,0.9,0.9502218,0.92,iter
408,0.7,0.8991315,0.6799999999999999,iter
409,0.9,0.96717936,0.9199999999999999,iter
410,0.9,0.9520287,0.9,iter
411,1.0,0.9866382,1.0,iter
412,0.7,0.87714,0.76,iter
413,1.0,0.93346035,1.0,iter
414,0.8,0.9291752,0.8600000000000001,iter
415,0.8,0.93001026,0.92,iter
416,0.9,0.9649294,0.9,iter
417,0.9,0.96766764,0.9800000000000001,iter
418,0.9,0.9182343,0.8600000000000001,iter
419,0.9,0.9229152,0.9,iter
420,0.7,0.9506651,0.6799999999999999,iter
421,0.8,0.91010475,0.8,iter
422,0.6,0.87197155,0.5800000000000001,iter
423,0.9,0.95408833,0.92,iter
424,0.7,0.89033353,0.5,iter
425,0.8,0.90434957,0.8,iter
426,0.8,0.9318269,0.8400000000000001,iter
427,0.7,0.8998896,0.6799999999999999,iter
428,0.8,0.9470369,0.88,iter
429,1.0,0.9904114,1.0,iter
430,0.6,0.93741024,0.6199999999999999,iter
431,0.9,0.9509965,0.8800000000000001,iter
432,0.7,0.8645445,0.6,iter
433,0.8,0.9313584,0.8,iter
434,0.9,0.96881396,0.92,iter
435,0.8,0.7925994,0.7,iter
436,0.9,0.96244985,0.92,iter
437,0.8,0.9266325,0.88,iter
438,0.9,0.9468891,0.9600000000000001,iter
439,0.7,0.89496565,0.6000000000000001,iter
440,0.7,0.8476554,0.58,iter
441,0.7,0.89814484,0.6799999999999999,iter
442,0.7,0.91674113,0.74,iter
443,0.9,0.94917595,0.9800000000000001,iter
444,0.7,0.9369753,0.8,iter
445,0.8,0.9522128,0.8200000000000001,iter
446,0.9,0.98434865,0.92,iter
447,0.8,0.9120144,0.8799999999999999,iter
448,0.9,0.92433923,0.9,iter
449,0.9,0.97296315,0.9400000000000001,iter
450,0.8,0.979585,0.9,iter
451,0.9,0.9258824,0.9199999999999999,iter
452,1.0,0.9868353,1.0,iter
453,0.8,0.9599268,0.92,iter
454,0.8,0.9463418,0.8200000000000001,iter
455,0.8,0.9058938,0.74,iter
456,0.8,0.9641465,0.8600000000000001,iter
457,0.9,0.96494967,0.96,iter
458,0.9,0.95687854,0.9800000000000001,iter
459,0.9,0.9758177,0.9600000000000001,iter
460,0.7,0.98146987,0.7399999999999999,iter
461,0.9,0.96894497,0.96,iter
462,0.8,0.7269676,0.72,iter
463,0.9,0.95377207,0.9400000000000001,iter
464,0.9,0.9821608,0.9400000000000001,iter
465,0.8,0.9117675,0.76,iter
466,0.9,0.9824417,0.9800000000000001,iter
467,0.7,0.8453504,0.7,iter
468,0.9,0.93995094,0.8200000000000001,iter
469,0.8,0.9797838,0.86,iter
470,1.0,0.9583507,1.0,iter
471,0.8,0.93831927,0.8200000000000001,iter
472,0.8,0.9626406,0.8600000000000001,iter
473,0.7,0.6817743,0.62,iter
474,0.8,0.9628711,0.8200000000000001,iter
475,0.8,0.9115856,0.86,iter
476,0.9,0.92951494,0.8800000000000001,iter
477,0.9,0.961763,0.92,iter
478,0.9,0.96703756,0.9400000000000001,iter
479,0.9,0.9763777,0.9600000000000001,iter
480,0.8,0.9630034,0.8400000000000001,iter
481,0.8,0.95831263,0.8200000000000001,iter
482,0.9,0.9274103,0.8400000000000001,iter
483,0.8,0.9328764,0.8400000000000001,iter
484,0.8,0.9742623,0.7400000000000001,iter
485,0.8,0.93526065,0.6799999999999999,iter
486,0.8,0.9214934,0.82,iter
487,0.6,0.91583115,0.6599999999999999,iter
488,0.8,0.939446,0.8200000000000001,iter
489,0.9,0.9770896,0.9,iter
490,0.9,0.97881013,0.92,iter
491,0.9,0.9787951,0.9400000000000001,iter
492,0.7,0.8569036,0.78,iter
493,0.9,0.95737785,0.9400000000000001,iter
494,1.0,0.990173,1.0,iter
495,0.9,0.9617565,0.9400000000000001,iter
496,1.0,0.98422915,1.0,iter
497,0.8,0.9572324,0.92,iter
498,0.9,0.96244425,0.8600000000000001,iter
499,0.8,0.94304,0.86,iter
500,0.8,0.84972703,0.8400000000000001,iter
501,0.9,0.9381802,0.86,iter
502,0.9,0.9668488,0.9,iter
503,0.7,0.83789396,0.7,iter
504,1.0,0.97827834,1.0,iter
505,1.0,0.9864723,1.0,iter
506,0.7,0.90101814,0.7,iter
507,0.8,0.9465771,0.9,iter
508,0.9,0.9397124,0.9600000000000001,iter
509,0.8,0.90150446,0.84,iter
510,0.6,0.84770447,0.5,iter
511,0.8,0.91089493,0.8400000000000001,iter
512,0.8,0.91414726,0.76,iter
513,0.9,0.9469283,0.9199999999999999,iter
514,0.8,0.90690976,0.82,iter
515,0.7,0.92949426,0.78,iter
516,0.9,0.9225608,0.9,iter
517,0.8,0.9350529,0.84,iter
518,0.9,0.9646862,0.9,iter
519,0.8,0.9581049,0.86,iter
520,0.8,0.8971317,0.8,iter
521,0.9,0.8800797,0.8200000000000001,iter
522,0.6,0.89622355,0.54,iter
523,0.9,0.9567287,0.8800000000000001,iter
524,0.7,0.90938497,0.64,iter
525,0.7,0.90830195,0.7,iter
526,0.9,0.9504738,0.92,iter
527,0.7,0.6277131,0.4799999999999999,iter
528,0.9,0.91500914,0.8200000000000001,iter
529,0.8,0.9456048,0.76,iter
530,0.9,0.8924037,0.8600000000000001,iter
531,0.9,0.95663494,0.9000000000000001,iter
532,0.8,0.92623127,0.82,iter
533,0.9,0.9401507,0.9400000000000001,iter
534,0.9,0.91082656,0.9400000000000001,iter
535,0.9,0.9777247,0.92,iter
536,0.8,0.9616445,0.86,iter
537,0.6,0.97013456,0.6599999999999999,iter
538,0.9,0.9769285,0.9400000000000001,iter
539,0.8,0.93992954,0.78,iter
540,0.8,0.9222948,0.8200000000000001,iter
541,0.8,0.9080838,0.8,iter
542,0.8,0.91456974,0.82,iter
543,0.9,0.9699326,0.9600000000000001,iter
544,0.8,0.9493617,0.8,iter
545,1.0,0.9722779,1.0,iter
546,0.9,0.92555976,0.8800000000000001,iter
547,0.8,0.93015516,0.82,iter
548,0.7,0.8803839,0.72,iter
549,0.8,0.9474707,0.84,iter
550,0.8,0.94202363,0.8200000000000001,iter
551,0.8,0.93728757,0.86,iter
552,0.8,0.93980163,0.86,iter
553,0.9,0.9454281,0.9600000000000001,iter
554,0.8,0.9673649,0.8200000000000001,iter
555,0.9,0.9683964,0.8800000000000001,iter
556,0.9,0.9477248,0.9000000000000001,iter
557,0.9,0.9858788,0.9400000000000001,iter
558,0.8,0.9533093,0.86,iter
559,0.8,0.95541716,0.8200000000000001,iter
560,0.8,0.90956455,0.78,iter
561,0.9,0.9046483,0.8200000000000001,iter
562,0.9,0.89415795,0.9199999999999999,iter
563,0.8,0.8070239,0.7000000000000001,iter
564,0.9,0.96460277,0.9800000000000001,iter
565,0.8,0.9429924,0.8,iter
566,0.8,0.9214511,0.74,iter
567,0.8,0.8950725,0.78,iter
568,0.8,0.9017085,0.7999999999999999,iter
569,0.8,0.9397307,0.86,iter
570,0.9,0.9241364,0.9800000000000001,iter
571,0.7,0.9147606,0.6599999999999999,iter
572,0.9,0.9588799,0.9800000000000001,iter
573,0.8,0.9490502,0.8200000000000001,iter
574,0.7,0.91065717,0.6799999999999999,iter
575,0.8,0.93975776,0.9,iter
576,0.8,0.9491832,0.88,iter
577,0.9,0.9586063,0.9600000000000001,iter
578,0.9,0.9442504,0.9,iter
579,1.0,0.9851114,1.0,iter
580,0.8,0.9444421,0.8799999999999999,iter
581,0.9,0.97139484,0.9600000000000001,iter
582,0.8,0.8329193,0.78,iter
583,0.9,0.962189,0.9800000000000001,iter
584,0.7,0.88975394,0.68,iter
585,0.8,0.9444581,0.9,iter
586,1.0,0.9752596,1.0,iter
587,0.9,0.9625062,0.92,iter
588,0.8,0.8976791,0.8200000000000001,iter
589,0.9,0.98440635,0.9400000000000001,iter
590,0.7,0.9240174,0.64,iter
591,0.8,0.94569176,0.82,iter
592,0.9,0.9219642,0.8600000000000001,iter
593,0.8,0.8844203,0.74,iter
594,0.8,0.9113239,0.8,iter
595,0.9,0.96235883,0.9,iter
596,0.9,0.96827817,0.9600000000000001,iter
597,0.9,0.9641258,0.9000000000000001,iter
598,0.8,0.9785783,0.92,iter
599,0.8,0.9599755,0.9,iter
600,0.9,0.91199803,0.8800000000000001,iter
601,0.8,0.96672654,0.9,iter
602,0.9,0.9713557,0.9400000000000001,iter
603,0.8,0.9665818,0.8400000000000001,iter
604,0.8,0.94009835,0.78,iter
605,0.8,0.94946665,0.92,iter
606,0.8,0.9568542,0.7800000000000001,iter
607,0.9,0.95828533,0.8600000000000001,iter
608,0.9,0.9612084,0.9600000000000001,iter
609,1.0,0.97256595,1.0,iter
610,0.9,0.9567983,0.9400000000000001,iter
611,0.8,0.8833213,0.7000000000000001,iter
612,0.9,0.95566475,0.88,iter
613,0.9,0.968508,0.9,iter
614,0.8,0.83028287,0.76,iter
615,0.6,0.824559,0.56,iter
616,0.8,0.92538875,0.84,iter
617,0.9,0.9608761,0.9600000000000001,iter
618,0.7,0.8627469,0.78,iter
619,0.8,0.9108439,0.8,iter
620,0.8,0.9330425,0.8400000000000001,iter
621,0.9,0.9759906,0.9,iter
622,0.9,0.9793664,0.9800000000000001,iter
623,0.9,0.8951105,0.8,iter
624,0.8,0.96841335,0.76,iter
625,0.8,0.8617396,0.74,iter
626,0.7,0.9362556,0.6799999999999999,iter
627,1.0,0.9704205,1.0,iter
628,0.8,0.95203894,0.9,iter
629,1.0,0.98979735,1.0,iter
630,0.8,0.9142211,0.74,iter
631,0.8,0.9501159,0.92,iter
632,0.8,0.9656994,0.88,iter
633,0.9,0.98941374,0.9400000000000001,iter
634,0.7,0.89497024,0.7000000000000001,iter
635,0.9,0.93701434,0.9,iter
636,0.8,0.9449145,0.8,iter
637,0.8,0.90826803,0.86,iter
638,1.0,0.9538772,1.0,iter
639,0.8,0.9602587,0.9,iter
640,0.7,0.8976217,0.72,iter
641,0.7,0.9509364,0.6799999999999999,iter
642,0.9,0.92468566,0.9,iter
643,0.8,0.8864811,0.76,iter
644,0.8,0.9276214,0.8,iter
645,0.8,0.91010034,0.86,iter
646,0.9,0.9213588,0.88,iter
647,0.7,0.88268584,0.7599999999999999,iter
648,0.8,0.8862111,0.84,iter
649,0.9,0.9310811,0.9,iter
650,0.9,0.79452705,0.7600000000000001,iter
651,0.9,0.9141473,0.9400000000000001,iter
652,0.8,0.95233107,0.8400000000000001,iter
653,1.0,0.9816148,1.0,iter
654,0.9,0.97125286,0.9,iter
655,0.7,0.9196438,0.76,iter
656,0.9,0.95698476,0.92,iter
657,0.7,0.83238876,0.64,iter
658,0.6,0.8559983,0.6199999999999999,iter
659,0.8,0.9396283,0.84,iter
660,0.8,0.91245925,0.8,iter
661,0.9,0.9500043,0.92,iter
662,0.7,0.8580759,0.66,iter
663,0.8,0.8486641,0.8200000000000001,iter
664,0.8,0.93906856,0.8400000000000001,iter
665,0.8,0.94510543,0.86,iter
666,0.8,0.9010707,0.72,iter
667,0.8,0.9174473,0.8,iter
668,0.9,0.98012304,0.9400000000000001,iter
669,0.8,0.94923747,0.8400000000000001,iter
670,0.9,0.9283405,0.8400000000000001,iter
671,0.9,0.9762392,0.92,iter
672,0.9,0.9073078,0.9,iter
673,0.9,0.93677515,0.9800000000000001,iter
674,0.9,0.9733965,0.9,iter
675,0.8,0.9199976,0.8,iter
676,0.8,0.9068977,0.82,iter
677,0.8,0.8741735,0.7000000000000001,iter
678,0.9,0.9550618,0.8200000000000001,iter
679,0.8,0.9126942,0.8200000000000001,iter
680,0.8,0.91601634,0.8,iter
681,0.9,0.9670863,0.8800000000000001,iter
682,0.9,0.9784855,0.9600000000000001,iter
683,1.0,0.97430366,1.0,iter
684,0.9,0.9495177,0.92,iter
685,0.8,0.9096753,0.76,iter
686,0.8,0.9351453,0.9,iter
687,0.8,0.8985068,0.76,iter
688,0.9,0.9566461,0.9400000000000001,iter
689,0.9,0.95044386,0.92,iter
690,0.9,0.9630739,0.9600000000000001,iter
691,0.8,0.93539506,0.8799999999999999,iter
692,0.8,0.9159999,0.8200000000000001,iter
693,0.9,0.9327467,0.92,iter
694,0.9,0.9279172,0.88,iter
695,1.0,0.9552867,1.0,iter
696,0.9,0.97329986,0.9400000000000001,iter
697,0.8,0.92002404,0.8,iter
698,0.8,0.79213256,0.72,iter
699,0.9,0.96627647,0.9199999999999999,iter
700,0.9,0.95761734,0.8600000000000001,iter
701,0.8,0.96905935,0.92,iter
702,0.8,0.85009694,0.78,iter
703,0.7,0.9034794,0.7,iter
704,0.9,0.91867536,0.8400000000000001,iter
705,0.8,0.90023386,0.8200000000000001,iter
706,0.8,0.94056433,0.84,iter
707,0.9,0.92138684,0.92,iter
708,0.7,0.9044428,0.76,iter
709,0.9,0.9839523,0.9400000000000001,iter
710,0.8,0.81979144,0.8,iter
711,0.9,0.9557874,0.9600000000000001,iter
712,0.7,0.8900229,0.7,iter
713,0.9,0.9787075,0.92,iter
714,0.8,0.96683854,0.8400000000000001,iter
715,0.9,0.9692095,0.9,iter
716,0.8,0.9313917,0.8400000000000001,iter
717,0.9,0.97549367,0.92,iter
718,0.9,0.9697358,0.96,iter
719,0.9,0.93972397,0.9,iter
720,0.8,0.8949771,0.78,iter
721,0.9,0.98786324,0.9800000000000001,iter
722,0.8,0.95506626,0.8400000000000001,iter
723,0.8,0.9363659,0.8799999999999999,iter
724,0.9,0.98736155,0.9800000000000001,iter
725,0.8,0.9235116,0.78,iter
726,0.8,0.94577223,0.8400000000000001,iter
727,0.7,0.9074692,0.72,iter
728,1.0,0.95975,1.0,iter
729,0.8,0.850604,0.66,iter
730,0.9,0.9371217,0.92,iter
731,0.8,0.92195255,0.84,iter
732,0.8,0.96527445,0.84,iter
733,0.9,0.9434161,0.92,iter
734,0.9,0.9351828,0.9400000000000001,iter
735,0.8,0.94982696,0.86,iter
736,0.8,0.96034425,0.8,iter
737,0.6,0.5690735,0.4,iter
738,0.7,0.86201394,0.64,iter
739,0.9,0.8197288,0.8200000000000001,iter
740,0.9,0.9672587,0.92,iter
741,0.7,0.95011234,0.78,iter
742,0.8,0.94822615,0.8800000000000001,iter
743,0.8,0.92243755,0.82,iter
744,0.8,0.85355806,0.78,iter
745,0.8,0.9695529,0.8800000000000001,iter
746,0.8,0.92749465,0.8,iter
747,0.7,0.8170919,0.6000000000000001,iter
748,0.8,0.939853,0.92,iter
749,0.8,0.9405505,0.84,iter
750,0.9,0.9725992,0.9,iter
751,0.7,0.8344316,0.64,iter
752,0.9,0.8594518,0.86,iter
753,0.7,0.9109989,0.66,iter
754,0.9,0.9700054,0.9400000000000001,iter
755,0.9,0.9859439,0.8800000000000001,iter
756,0.8,0.9442671,0.76,iter
757,0.9,0.9710583,0.9400000000000001,iter
758,0.7,0.89712936,0.6799999999999999,iter
759,0.9,0.9738102,0.9000000000000001,iter
760,0.8,0.9582389,0.88,iter
761,0.9,0.97214586,0.96,iter
762,0.9,0.9763632,0.92,iter
763,0.9,0.95193523,0.9000000000000001,iter
764,0.8,0.95925033,0.8200000000000001,iter
765,0.8,0.91014624,0.78,iter
766,0.7,0.9226204,0.7399999999999999,iter
767,0.8,0.96458983,0.8400000000000001,iter
768,0.6,0.91195923,0.62,iter
769,0.8,0.96351254,0.8400000000000001,iter
770,0.8,0.9275625,0.86,iter
771,0.7,0.8608441,0.62,iter
772,0.8,0.92603743,0.82,iter
773,0.7,0.9389712,0.8,iter
774,0.8,0.98752564,0.9,iter
775,0.9,0.9581964,0.9,iter
776,0.8,0.9035824,0.76,iter
777,0.7,0.886831,0.66,iter
778,0.8,0.81683534,0.74,iter
779,0.8,0.9627691,0.86,iter
780,0.9,0.93788105,0.9,iter
781,0.8,0.95862705,0.8400000000000001,iter
782,1.0,0.95179504,1.0,iter
783,0.8,0.9403889,0.9,iter
784,0.9,0.93837655,0.9600000000000001,iter
785,0.8,0.93834823,0.84,iter
786,0.9,0.95436865,0.8800000000000001,iter
787,0.8,0.96487594,0.84,iter
788,0.8,0.95155704,0.8200000000000001,iter
789,0.9,0.9729948,0.9,iter
790,0.9,0.9600847,0.8800000000000001,iter
791,0.9,0.96869737,0.9800000000000001,iter
792,0.8,0.9528657,0.9,iter
793,0.8,0.9543214,0.8,iter
794,0.8,0.94118404,0.9,iter
795,0.9,0.97428304,0.9000000000000001,iter
796,0.8,0.9376909,0.84,iter
797,0.8,0.95965487,0.8400000000000001,iter
798,0.9,0.9726218,0.9600000000000001,iter
799,0.8,0.95088166,0.92,iter
800,0.8,0.9157967,0.78,iter
801,0.9,0.9494046,0.88,iter
802,0.9,0.93668246,0.9400000000000001,iter
803,0.8,0.9750679,0.86,iter
804,0.7,0.9089273,0.74,iter
805,0.9,0.95106167,0.9800000000000001,iter
806,0.8,0.9865144,0.8600000000000001,iter
807,0.8,0.872755,0.86,iter
808,0.9,0.96850276,0.9400000000000001,iter
809,0.9,0.9652343,0.96,iter
810,0.8,0.95610225,0.7800000000000001,iter
811,0.8,0.893499,0.72,iter
812,0.7,0.8984319,0.76,iter
813,0.9,0.88424057,0.9000000000000001,iter
814,0.9,0.955927,0.9400000000000001,iter
815,0.9,0.9137901,0.9,iter
816,0.8,0.9387309,0.76,iter
817,0.8,0.9379651,0.86,iter
818,0.9,0.98081493,0.9800000000000001,iter
819,0.8,0.92663383,0.92,iter
820,0.8,0.9680155,0.9,iter
821,0.9,0.94967777,0.9800000000000001,iter
822,0.6,0.9292815,0.6199999999999999,iter
823,0.9,0.965525,0.8800000000000001,iter
824,0.9,0.97971815,0.8800000000000001,iter
825,0.9,0.9781364,0.9,iter
826,1.0,0.97638947,1.0,iter
827,0.8,0.93784505,0.86,iter
828,0.9,0.98439807,0.96,iter
829,0.8,0.9327687,0.84,iter
830,0.8,0.9330694,0.88,iter
831,0.9,0.97097254,0.9600000000000001,iter
832,0.9,0.98356426,0.92,iter
833,0.8,0.93984556,0.76,iter
834,0.6,0.93826526,0.6399999999999999,iter
835,0.9,0.9668071,0.9,iter
836,0.8,0.9641728,0.88,iter
837,0.9,0.92923486,0.9,iter
838,0.7,0.91463953,0.78,iter
839,0.9,0.94611686,0.92,iter
840,0.9,0.95898426,0.88,iter
841,1.0,0.97527033,1.0,iter
842,0.8,0.9609183,0.86,iter
843,0.9,0.9834621,0.9800000000000001,iter
844,0.8,0.9694495,0.8200000000000001,iter
845,0.9,0.7836608,0.8,iter
846,0.8,0.90580404,0.9,iter
847,0.9,0.95469725,0.9000000000000001,iter
848,0.9,0.95114064,0.92,iter
849,0.9,0.8947266,0.8400000000000001,iter
850,0.8,0.78455704,0.7,iter
851,0.9,0.9389337,0.9800000000000001,iter
852,0.9,0.9733176,0.96,iter
853,0.7,0.9103592,0.74,iter
854,0.9,0.92385995,0.8600000000000001,iter
855,0.8,0.9611985,0.8200000000000001,iter
856,0.9,0.945056,0.9400000000000001,iter
857,0.8,0.9734331,0.8200000000000001,iter
858,0.8,0.945972,0.92,iter
859,0.7,0.8709465,0.74,iter
860,0.7,0.9431653,0.72,iter
861,0.8,0.96555966,0.9,iter
862,0.9,0.87553895,0.86,iter
863,0.9,0.9586221,0.92,iter
864,0.7,0.9090465,0.74,iter
865,0.9,0.9126302,0.8800000000000001,iter
866,1.0,0.95708597,1.0,iter
867,1.0,0.9503871,1.0,iter
868,0.8,0.98193336,0.8799999999999999,iter
869,0.9,0.95949215,0.9400000000000001,iter
870,0.9,0.9842638,0.9800000000000001,iter
871,0.9,0.89656824,0.92,iter
872,0.8,0.9453097,0.8400000000000001,iter
873,0.9,0.9471169,0.9000000000000001,iter
874,0.9,0.9278517,0.8200000000000001,iter
875,0.9,0.9400859,0.92,iter
876,0.8,0.93877506,0.84,iter
877,0.9,0.9529614,0.9400000000000001,iter
878,0.8,0.8366536,0.7200000000000001,iter
879,0.9,0.98692447,0.9800000000000001,iter
880,0.9,0.98605067,0.9400000000000001,iter
881,0.8,0.9328113,0.8,iter
882,0.7,0.9545008,0.78,iter
883,0.8,0.95606786,0.8200000000000001,iter
884,0.9,0.9681552,0.9600000000000001,iter
885,0.8,0.9159008,0.92,iter
886,1.0,0.9769714,1.0,iter
887,0.9,0.98169637,0.96,iter
888,0.9,0.91465175,0.8800000000000001,iter
889,0.8,0.9324435,0.9,iter
890,0.9,0.9684642,0.9000000000000001,iter
891,0.7,0.92929816,0.72,iter
892,0.8,0.97188234,0.92,iter
893,0.7,0.8373876,0.56,iter
894,0.9,0.9528268,0.9400000000000001,iter
895,0.8,0.95625246,0.86,iter
896,0.8,0.9259442,0.82,iter
897,0.9,0.97288185,0.9400000000000001,iter
898,0.7,0.8514706,0.72,iter
899,0.9,0.9623513,0.92,iter
900,0.8,0.93392867,0.84,iter
901,0.8,0.9323915,0.7999999999999999,iter
902,0.9,0.97700804,0.9400000000000001,iter
903,0.7,0.849943,0.6199999999999999,iter
904,0.9,0.9040713,0.9,iter
905,0.9,0.9117965,0.8800000000000001,iter
906,0.9,0.9687208,0.9800000000000001,iter
907,0.9,0.93241155,0.88,iter
908,0.8,0.90990585,0.86,iter
909,0.9,0.9295951,0.9,iter
910,0.9,0.9143811,0.8600000000000001,iter
911,0.9,0.9789476,0.8800000000000001,iter
912,0.8,0.9445327,0.8600000000000001,iter
913,0.8,0.88641536,0.78,iter
914,0.9,0.9672583,0.9400000000000001,iter
915,0.9,0.9628986,0.8800000000000001,iter
916,0.9,0.9714962,0.9600000000000001,iter
917,0.8,0.87613696,0.76,iter
918,0.8,0.9433289,0.8600000000000001,iter
919,0.9,0.95824873,0.9400000000000001,iter
920,0.8,0.91699076,0.86,iter
921,0.9,0.9576361,0.9,iter
922,0.7,0.8865547,0.7,iter
923,0.9,0.9621022,0.9400000000000001,iter
924,0.8,0.9089896,0.8,iter
925,0.9,0.97601247,0.9800000000000001,iter
926,0.9,0.8769557,0.8600000000000001,iter
927,0.8,0.9612695,0.8800000000000001,iter
928,0.7,0.927544,0.8,iter
929,0.8,0.92694825,0.8200000000000001,iter
930,0.7,0.9444585,0.6399999999999999,iter
931,0.9,0.9038451,0.88,iter
932,0.9,0.9441626,0.9400000000000001,iter
933,0.6,0.8562217,0.52,iter
934,0.9,0.81684136,0.7600000000000001,iter
935,0.8,0.89468455,0.8,iter
936,0.8,0.95016813,0.8,iter
937,0.9,0.9332984,0.8400000000000001,iter
938,1.0,0.94667035,1.0,iter
939,0.7,0.9125556,0.6799999999999999,iter
940,0.7,0.81791455,0.58,iter
941,0.9,0.96614933,0.9400000000000001,iter
942,0.8,0.8990134,0.82,iter
943,0.9,0.94785774,0.92,iter
944,0.8,0.9543445,0.8,iter
945,0.8,0.83679533,0.7200000000000001,iter
946,0.9,0.9459264,0.96,iter
947,0.8,0.9777557,0.92,iter
948,0.8,0.96871185,0.8400000000000001,iter
949,0.8,0.96678257,0.8200000000000001,iter
950,0.9,0.9883059,0.8800000000000001,iter
951,0.8,0.97452843,0.8600000000000001,iter
952,0.9,0.9492455,0.9400000000000001,iter
953,0.8,0.8715792,0.76,iter
954,0.9,0.86669344,0.8400000000000001,iter
955,0.8,0.93467355,0.9,iter
956,0.8,0.9009568,0.86,iter
957,0.8,0.82036394,0.74,iter
958,0.9,0.9331236,0.86,iter
959,0.9,0.95391995,0.9400000000000001,iter
960,0.9,0.9875713,0.8600000000000001,iter
961,0.8,0.92910177,0.86,iter
962,0.7,0.9897515,0.72,iter
963,1.0,0.9741708,1.0,iter
964,0.8,0.94207674,0.86,iter
965,0.8,0.89971864,0.8,iter
966,0.8,0.9471779,0.8400000000000001,iter
967,0.9,0.93951166,0.92,iter
968,0.8,0.92792606,0.8,iter
969,0.7,0.94495994,0.8,iter
970,0.8,0.96429884,0.8200000000000001,iter
971,0.9,0.94802856,0.8800000000000001,iter
972,0.8,0.94870144,0.78,iter
973,0.9,0.9616425,0.9,iter
974,0.8,0.8988429,0.8,iter
975,0.9,0.9512769,0.9600000000000001,iter
976,0.9,0.95920247,0.9,iter
977,0.9,0.9338011,0.8400000000000001,iter
978,0.8,0.9163636,0.8600000000000001,iter
979,0.9,0.9190166,0.8600000000000001,iter
980,0.8,0.94568306,0.86,iter
981,0.9,0.9588207,0.9800000000000001,iter
982,0.8,0.9565638,0.86,iter
983,0.6,0.7820596,0.52,iter
984,0.8,0.9530256,0.92,iter
985,0.9,0.96571,0.9400000000000001,iter
986,0.7,0.9283945,0.8,iter
987,0.9,0.9349681,0.9600000000000001,iter
988,0.9,0.96372175,0.96,iter
989,0.7,0.83917195,0.52,iter
990,0.8,0.96330243,0.8200000000000001,iter
991,0.7,0.822277,0.66,iter
992,0.9,0.9488449,0.8600000000000001,iter
993,0.9,0.9644877,0.9600000000000001,iter
994,0.8,0.93493843,0.9,iter
995,0.8,0.9297667,0.86,iter
996,0.8,0.96149766,0.9,iter
997,0.8,0.9343808,0.86,iter
998,0.8,0.9330168,0.86,iter
999,0.8,0.9524328,0.78,iter
1000,0.8,0.981366,0.8400000000000001,iter
1001,0.8,0.92270976,0.8800000000000001,iter
1002,0.8,0.900816,0.7999999999999999,iter
1003,0.8,0.9143411,0.92,iter
1004,0.6,0.80167556,0.44,iter
1005,1.0,0.98468477,1.0,iter
1006,0.8,0.90646476,0.82,iter
1007,0.9,0.97151357,0.9400000000000001,iter
1008,1.0,0.98698986,1.0,iter
1009,0.9,0.9488006,0.9,iter
1010,0.9,0.98343176,0.9800000000000001,iter
1011,0.9,0.93951887,0.8800000000000001,iter
1012,0.8,0.941602,0.78,iter
1013,0.9,0.9734304,0.9400000000000001,iter
1014,0.9,0.97607136,0.9600000000000001,iter
1015,0.9,0.9489623,0.9800000000000001,iter
1016,0.8,0.9498814,0.86,iter
1017,0.6,0.82183886,0.5,iter
1018,0.8,0.9254069,0.76,iter
1019,0.8,0.9521335,0.8400000000000001,iter
1020,0.9,0.9438796,0.9400000000000001,iter
1021,0.8,0.9477615,0.88,iter
1022,0.9,0.95157367,0.8600000000000001,iter
1023,0.8,0.89568764,0.78,iter
1024,0.7,0.92334217,0.7,iter
1025,0.9,0.9490308,0.92,iter
1026,0.9,0.9499016,0.8200000000000001,iter
1027,0.7,0.8966464,0.5599999999999999,iter
1028,0.8,0.8717485,0.8,iter
1029,0.9,0.98118365,0.9,iter
1030,0.8,0.9515185,0.8200000000000001,iter
1031,0.7,0.9602208,0.76,iter
1032,0.8,0.9604045,0.8200000000000001,iter
1033,0.7,0.8648622,0.7399999999999999,iter
1034,0.7,0.9087408,0.76,iter
1035,0.7,0.94208586,0.6799999999999999,iter
1036,0.8,0.8557315,0.8,iter
1037,0.8,0.9478063,0.82,iter
1038,0.8,0.9167698,0.76,iter
1039,0.9,0.9570601,0.96,iter
1040,0.9,0.94969857,0.9400000000000001,iter
1041,0.8,0.95878947,0.86,iter
1042,0.9,0.9137301,0.92,iter
1043,0.9,0.9830982,0.9800000000000001,iter
1044,0.8,0.90958804,0.7200000000000002,iter
1045,0.8,0.96105075,0.92,iter
1046,0.8,0.8805023,0.76,iter
1047,0.8,0.9498549,0.84,iter
1048,0.8,0.9221603,0.86,iter
1049,0.9,0.9731551,0.9800000000000001,iter
1050,0.9,0.92277855,0.9,iter
1051,0.7,0.880928,0.6799999999999999,iter
1052,0.8,0.9223511,0.86,iter
1053,0.8,0.95579475,0.78,iter
1054,0.7,0.8859823,0.74,iter
1055,0.9,0.94221914,0.9,iter
1056,0.8,0.89664596,0.76,iter
1057,0.8,0.89252484,0.8200000000000001,iter
1058,0.9,0.9786261,0.9800000000000001,iter
1059,0.9,0.95955926,0.9199999999999999,iter
1060,0.9,0.9773153,0.9,iter
1061,1.0,0.9606043,1.0,iter
1062,0.9,0.9159442,0.8400000000000001,iter
1063,0.8,0.92393684,0.8,iter
1064,0.9,0.9557885,0.9199999999999999,iter
1065,0.9,0.9597425,0.9600000000000001,iter
1066,0.8,0.8680234,0.84,iter
1067,0.8,0.8953613,0.8400000000000001,iter
1068,0.8,0.9451631,0.86,iter
1069,0.8,0.92427003,0.82,iter
1070,0.9,0.961163,0.9,iter
1071,1.0,0.9746599,1.0,iter
1072,0.8,0.9333621,0.8799999999999999,iter
1073,0.8,0.788123,0.7,iter
1074,0.8,0.9455879,0.86,iter
1075,0.9,0.97027844,0.92,iter
1076,0.8,0.82706505,0.9,iter
1077,0.9,0.9804707,0.9800000000000001,iter
1078,0.8,0.971515,0.86,iter
1079,0.9,0.97598463,0.9600000000000001,iter
1080,0.8,0.96749276,0.8400000000000001,iter
1081,0.8,0.95583904,0.8,iter
1082,0.9,0.98373705,0.96,iter
1083,0.8,0.97520506,0.8400000000000001,iter
1084,0.8,0.98963183,0.92,iter
1085,0.8,0.96674305,0.8799999999999999,iter
1086,0.8,0.89231426,0.82,iter
1087,1.0,0.96268195,1.0,iter
1088,0.8,0.92117244,0.74,iter
1089,0.8,0.9230935,0.88,iter
1090,0.9,0.9877669,0.9,iter
1091,0.8,0.94627386,0.8400000000000001,iter
1092,0.9,0.96112573,0.9000000000000001,iter
1093,0.9,0.9865904,0.9800000000000001,iter
1094,0.7,0.9686914,0.76,iter
1095,0.8,0.89482725,0.76,iter
1096,1.0,0.99798286,1.0,iter
1097,0.9,0.94827,0.9600000000000001,iter
1098,0.9,0.9302533,0.9400000000000001,iter
1099,0.9,0.96919274,0.9800000000000001,iter
1100,0.8,0.8641966,0.74,iter
1101,0.9,0.9503463,0.96,iter
1102,0.9,0.95495516,0.9600000000000001,iter
1103,0.9,0.96693647,0.92,iter
1104,0.8,0.9551997,0.78,iter
1105,0.9,0.94101316,0.9,iter
1106,0.8,0.85713524,0.7,iter
1107,0.9,0.96382755,0.8800000000000001,iter
1108,0.8,0.94828016,0.78,iter
1109,0.9,0.96206033,0.96,iter
1110,0.8,0.9252136,0.82,iter
1111,0.8,0.9017528,0.8,iter
1112,0.8,0.8635283,0.74,iter
1113,0.7,0.87031555,0.6799999999999999,iter
1114,0.8,0.967303,0.88,iter
1115,0.7,0.84304476,0.6799999999999999,iter
1116,0.8,0.9083582,0.78,iter
1117,0.8,0.94295645,0.78,iter
1118,0.8,0.85799915,0.8200000000000001,iter
1119,0.7,0.9204423,0.7,iter
1120,0.8,0.9369452,0.88,iter
1121,0.8,0.9176733,0.86,iter
1122,0.8,0.87501407,0.8200000000000001,iter
1123,0.9,0.9798755,0.9800000000000001,iter
1124,0.8,0.9782829,0.86,iter
1125,0.7,0.87618893,0.72,iter
1126,0.8,0.9674541,0.86,iter
1127,0.8,0.90249157,0.8400000000000001,iter
1128,0.8,0.92617977,0.78,iter
1129,0.9,0.9237804,0.92,iter
1130,0.7,0.9224415,0.7,iter
1131,1.0,0.9751488,1.0,iter
1132,1.0,0.9853111,1.0,iter
1133,0.8,0.74221945,0.7,iter
1134,0.8,0.9113062,0.76,iter
1135,0.8,0.873859,0.7,iter
1136,1.0,0.97537947,1.0,iter
1137,0.7,0.93204224,0.76,iter
1138,0.8,0.91844,0.76,iter
1139,0.7,0.82973963,0.6799999999999999,iter
1140,1.0,0.9765129,1.0,iter
1141,0.8,0.9247901,0.8400000000000001,iter
1142,0.8,0.7677798,0.7,iter
1143,1.0,0.9506887,1.0,iter
1144,0.8,0.9327918,0.8600000000000001,iter
1145,0.7,0.9466271,0.6799999999999999,iter
1146,0.9,0.96497875,0.9,iter
1147,0.9,0.96129775,0.8400000000000001,iter
1148,0.8,0.95778835,0.7999999999999999,iter
1149,0.8,0.92341405,0.86,iter
1150,0.8,0.98869365,0.9,iter
1151,0.6,0.9182687,0.6599999999999999,iter
1152,0.8,0.87577945,0.7600000000000001,iter
1153,0.8,0.9393522,0.8800000000000001,iter
1154,0.9,0.97361267,0.9400000000000001,iter
1155,0.8,0.9157869,0.84,iter
1156,0.8,0.9520893,0.8400000000000001,iter
1157,0.8,0.97624433,0.86,iter
1158,0.9,0.96041757,0.9400000000000001,iter
1159,0.9,0.9311136,0.9800000000000001,iter
1160,0.9,0.9400734,0.9600000000000001,iter
1161,1.0,0.97835886,1.0,iter
1162,0.8,0.93633157,0.86,iter
1163,0.8,0.93746585,0.7999999999999999,iter
1164,0.7,0.9359601,0.72,iter
1165,0.8,0.90381134,0.8200000000000001,iter
1166,0.7,0.8386544,0.6599999999999999,iter
1167,0.8,0.9491754,0.82,iter
1168,0.9,0.9789594,0.9800000000000001,iter
1169,0.9,0.91733277,0.9,iter
1170,0.9,0.9871796,0.96,iter
1171,0.9,0.9181381,0.92,iter
1172,0.8,0.93110746,0.78,iter
1173,0.8,0.80473906,0.76,iter
1174,0.7,0.93593556,0.7599999999999999,iter
1175,0.9,0.9446591,0.96,iter
1176,0.8,0.9490453,0.8,iter
1177,0.9,0.92586374,0.8400000000000001,iter
1178,0.8,0.958152,0.84,iter
1179,0.8,0.9389696,0.8600000000000001,iter
1180,0.8,0.9673824,0.8200000000000001,iter
1181,0.8,0.8960016,0.8200000000000001,iter
1182,0.9,0.94054604,0.9199999999999999,iter
1183,0.8,0.8937537,0.7400000000000001,iter
1184,0.8,0.8970634,0.74,iter
1185,0.8,0.9689399,0.92,iter
1186,1.0,0.9805303,1.0,iter
1187,0.9,0.91488224,0.8200000000000001,iter
1188,0.8,0.93286765,0.8,iter
1189,0.9,0.89615244,0.86,iter
1190,0.9,0.9708409,0.8800000000000001,iter
1191,0.9,0.907581,0.9400000000000001,iter
1192,0.8,0.8831557,0.8,iter
1193,0.8,0.94067514,0.8200000000000001,iter
1194,0.9,0.9583919,0.9800000000000001,iter
1195,0.9,0.96678776,0.9199999999999999,iter
1196,0.8,0.91736555,0.82,iter
1197,0.8,0.95970637,0.78,iter
1198,0.7,0.93945074,0.74,iter
1199,0.9,0.9468691,0.92,iter
1200,0.8,0.89308155,0.76,iter
1201,0.7,0.81117105,0.64,iter
1202,0.6,0.7656542,0.54,iter
1203,0.6,0.925914,0.6000000000000001,iter
1204,0.9,0.96532446,0.9000000000000001,iter
1205,0.8,0.9138669,0.82,iter
1206,0.9,0.97843987,0.9,iter
1207,0.8,0.96240586,0.9,iter
1208,0.8,0.8958928,0.92,iter
1209,0.7,0.9602885,0.8200000000000001,iter
1210,0.7,0.8684592,0.72,iter
1211,1.0,0.9836945,1.0,iter
1212,0.8,0.9592309,0.8,iter
1213,0.9,0.9661404,0.9000000000000001,iter
1214,0.7,0.9273176,0.72,iter
1215,0.9,0.96178585,0.9,iter
1216,0.7,0.89519966,0.76,iter
1217,0.7,0.866132,0.7,iter
1218,0.8,0.9162749,0.72,iter
1219,0.7,0.91124356,0.6200000000000001,iter
1220,0.8,0.95093465,0.74,iter
1221,0.9,0.9650459,0.96,iter
1222,0.8,0.91225034,0.8200000000000001,iter
1223,0.7,0.8604253,0.64,iter
1224,0.9,0.98905796,0.9800000000000001,iter
1225,0.7,0.9179785,0.6399999999999999,iter
1226,0.8,0.96941495,0.8,iter
1227,0.8,0.882498,0.8,iter
1228,0.9,0.97725594,0.9400000000000001,iter
1229,0.8,0.9135578,0.76,iter
1230,0.7,0.93019444,0.76,iter
1231,0.9,0.9267382,0.8600000000000001,iter
1232,0.9,0.9801129,0.9600000000000001,iter
1233,0.8,0.8992578,0.8400000000000001,iter
1234,0.9,0.9736115,0.96,iter
1235,0.7,0.93635106,0.7599999999999999,iter
1236,0.9,0.9666601,0.9800000000000001,iter
1237,0.8,0.9447501,0.8200000000000001,iter
1238,0.8,0.95774764,0.8200000000000001,iter
1239,0.8,0.94623405,0.8200000000000001,iter
1240,0.8,0.9357217,0.7,iter
1241,0.9,0.95187277,0.9,iter
1242,0.6,0.7628477,0.39999999999999997,iter
1243,0.8,0.9454622,0.8,iter
1244,0.8,0.89964837,0.86,iter
1245,0.8,0.9582025,0.92,iter
1246,0.8,0.9286568,0.76,iter
1247,0.9,0.98245144,0.9400000000000001,iter
1248,0.9,0.9458033,0.92,iter
1249,0.9,0.98728716,0.92,iter
1250,0.8,0.9106241,0.86,iter
1251,0.9,0.94718707,0.9800000000000001,iter
1252,0.9,0.9571961,0.9000000000000001,iter
1253,0.9,0.9701833,0.9000000000000001,iter
1254,0.8,0.9167211,0.82,iter
1255,0.8,0.9448344,0.8200000000000001,iter
1256,1.0,0.9717743,1.0,iter
1257,0.8,0.84383154,0.76,iter
1258,0.8,0.92032146,0.8400000000000001,iter
1259,0.9,0.95257974,0.9400000000000001,iter
1260,0.8,0.91599196,0.76,iter
1261,0.8,0.9077581,0.8,iter
1262,0.8,0.938543,0.9,iter
1263,0.8,0.92498887,0.8600000000000001,iter
1264,0.7,0.9245555,0.7,iter
1265,0.9,0.9878646,0.9800000000000001,iter
1266,0.8,0.93347156,0.92,iter
1267,0.8,0.9301579,0.84,iter
1268,0.8,0.8963412,0.9,iter
1269,0.9,0.9705372,0.9400000000000001,iter
1270,0.8,0.88478506,0.72,iter
1271,0.8,0.9361756,0.88,iter
1272,0.8,0.9231499,0.8,iter
1273,0.8,0.9366383,0.88,iter
1274,0.8,0.9359286,0.8,iter
1275,0.9,0.96081126,0.9800000000000001,iter
1276,0.8,0.88803196,0.86,iter
1277,0.9,0.9464255,0.9600000000000001,iter
1278,0.8,0.92383456,0.78,iter
1279,0.9,0.95771414,0.9600000000000001,iter
1280,0.8,0.9617519,0.8800000000000001,iter
1281,0.9,0.8874524,0.8600000000000001,iter
1282,0.7,0.90578836,0.72,iter
1283,0.9,0.93349963,0.8400000000000001,iter
1284,0.9,0.8970803,0.86,iter
1285,0.8,0.93716973,0.9,iter
1286,0.9,0.9361396,0.8600000000000001,iter
1287,0.7,0.88266695,0.76,iter
1288,0.7,0.94581866,0.6799999999999999,iter
1289,0.6,0.8938345,0.46,iter
1290,0.7,0.88759685,0.6799999999999999,iter
1291,0.7,0.9008411,0.78,iter
1292,0.8,0.85325706,0.7,iter
1293,0.8,0.9535002,0.84,iter
1294,1.0,0.9618381,1.0,iter
1295,0.6,0.9329452,0.6199999999999999,iter
1296,0.9,0.9869522,0.96,iter
1297,0.8,0.9349156,0.78,iter
1298,0.8,0.9419856,0.76,iter
1299,0.9,0.9604599,0.9800000000000001,iter
1300,0.7,0.8640642,0.7,iter
1301,0.8,0.90958816,0.76,iter
1302,0.9,0.9615648,0.8800000000000001,iter
1303,0.8,0.8529837,0.84,iter
1304,0.7,0.7755803,0.66,iter
1305,0.9,0.94131434,0.92,iter
1306,0.9,0.9449816,0.88,iter
1307,0.7,0.9019058,0.74,iter
1308,1.0,0.9856421,1.0,iter
1309,0.8,0.9266343,0.78,iter
1310,0.8,0.89063823,0.86,iter
1311,0.8,0.981665,0.92,iter
1312,0.8,0.9081111,0.86,iter
1313,0.8,0.91831964,0.8200000000000001,iter
1314,0.6,0.86011606,0.54,iter
1315,0.8,0.8542668,0.74,iter
1316,0.8,0.87871486,0.7800000000000001,iter
1317,0.9,0.9705365,0.9,iter
1318,0.8,0.95871705,0.9,iter
1319,0.8,0.89871204,0.78,iter
1320,0.8,0.83192116,0.78,iter
1321,0.8,0.9378332,0.78,iter
1322,0.8,0.963756,0.9,iter
1323,0.8,0.8222292,0.64,iter
1324,0.8,0.9558459,0.84,iter
1325,0.9,0.9388867,0.8800000000000001,iter
1326,0.6,0.89595836,0.56,iter
1327,0.8,0.873904,0.76,iter
1328,1.0,0.9823658,1.0,iter
1329,0.9,0.94902784,0.9400000000000001,iter
1330,0.7,0.8659489,0.78,iter
1331,0.7,0.90655005,0.8200000000000001,iter
1332,0.9,0.9723688,0.9800000000000001,iter
1333,0.8,0.9784927,0.8,iter
1334,0.8,0.9626247,0.88,iter
1335,0.8,0.9648916,0.8400000000000001,iter
1336,0.8,0.8773955,0.78,iter
1337,0.9,0.945177,0.9400000000000001,iter
1338,0.8,0.8645868,0.7200000000000001,iter
1339,0.7,0.8744127,0.7,iter
1340,0.7,0.9601217,0.72,iter
1341,0.9,0.9180268,0.8800000000000001,iter
1342,0.9,0.92301786,0.8200000000000001,iter
1343,0.6,0.6966113,0.46,iter
1344,0.7,0.90172005,0.6599999999999999,iter
1345,0.9,0.9806428,0.92,iter
1346,0.9,0.9257681,0.9,iter
1347,0.8,0.9761062,0.86,iter
1348,0.8,0.96388024,0.8600000000000001,iter
1349,0.6,0.81151956,0.6199999999999999,iter
1350,1.0,0.9560046,1.0,iter
1351,0.9,0.9430796,0.8600000000000001,iter
1352,0.8,0.9269714,0.82,iter
1353,0.8,0.96088684,0.8200000000000001,iter
1354,0.9,0.9125924,0.8400000000000001,iter
1355,0.8,0.9631791,0.88,iter
1356,0.7,0.85096854,0.6399999999999999,iter
1357,0.9,0.9702202,0.9400000000000001,iter
1358,0.9,0.96468794,0.96,iter
1359,1.0,0.9650319,1.0,iter
1360,0.9,0.95137763,0.9,iter
1361,0.9,0.96679693,0.9400000000000001,iter
1362,0.7,0.95296586,0.78,iter
1363,0.7,0.9395375,0.6599999999999999,iter
1364,0.8,0.95303196,0.92,iter
1365,0.8,0.94884557,0.84,iter
1366,0.9,0.94937027,0.9800000000000001,iter
1367,0.8,0.9434363,0.8400000000000001,iter
1368,0.9,0.77500135,0.8200000000000001,iter
1369,0.7,0.7027153,0.54,iter
1370,0.9,0.91642594,0.8200000000000001,iter
1371,0.8,0.96948284,0.7799999999999999,iter
1372,0.8,0.90115434,0.78,iter
1373,0.8,0.85724014,0.86,iter
1374,0.8,0.9338259,0.86,iter
1375,0.8,0.9543143,0.86,iter
1376,0.8,0.959844,0.88,iter
1377,0.7,0.8910454,0.6599999999999999,iter
1378,0.9,0.9723199,0.96,iter
1379,0.8,0.98323864,0.92,iter
1380,0.9,0.93735594,0.9,iter
1381,0.9,0.95790195,0.9400000000000001,iter
1382,0.9,0.9894908,0.9800000000000001,iter
1383,0.9,0.96215206,0.92,iter
1384,0.7,0.86485344,0.68,iter
1385,0.9,0.90226,0.8,iter
1386,0.9,0.98291063,0.9400000000000001,iter
1387,0.7,0.9412243,0.78,iter
1388,0.8,0.89627194,0.76,iter
1389,1.0,0.99146575,1.0,iter
1390,0.8,0.98646635,0.92,iter
1391,0.8,0.92844224,0.8400000000000001,iter
1392,0.9,0.9561404,0.92,iter
1393,0.8,0.9501833,0.8200000000000001,iter
1394,0.8,0.9220715,0.82,iter
1395,0.8,0.9240463,0.86,iter
1396,0.7,0.9545958,0.76,iter
1397,0.7,0.914397,0.78,iter
1398,0.9,0.92381305,0.92,iter
1399,0.9,0.9581429,0.9800000000000001,iter
1400,0.7,0.7783473,0.62,iter
1401,0.8,0.9242239,0.88,iter
1402,0.7,0.8554329,0.78,iter
1403,0.8,0.9532091,0.84,iter
1404,0.8,0.94605386,0.8200000000000001,iter
1405,0.9,0.95942765,0.9800000000000001,iter
1406,0.8,0.89399076,0.78,iter
1407,1.0,0.958255,1.0,iter
1408,0.7,0.9432333,0.76,iter
1409,0.9,0.9716655,0.9400000000000001,iter
1410,0.8,0.9239885,0.88,iter
1411,0.9,0.9302648,0.8800000000000001,iter
1412,0.8,0.9315673,0.8200000000000001,iter
1413,0.7,0.93123144,0.6600000000000001,iter
1414,0.8,0.97193015,0.8600000000000001,iter
1415,0.9,0.9433491,0.96,iter
1416,0.9,0.96245545,0.9800000000000001,iter
1417,0.7,0.8558411,0.66,iter
1418,0.9,0.98857933,0.96,iter
1419,1.0,0.94839746,1.0,iter
1420,0.9,0.9681245,0.9800000000000001,iter
1421,0.9,0.9772372,0.96,iter
1422,0.8,0.9124266,0.84,iter
1423,0.9,0.96385294,0.9,iter
1424,0.8,0.9692696,0.88,iter
1425,0.7,0.94802636,0.7599999999999999,iter
1426,0.8,0.8891459,0.78,iter
1427,0.8,0.938052,0.82,iter
1428,0.9,0.96705246,0.8600000000000001,iter
1429,0.8,0.9430908,0.7400000000000001,iter
1430,0.8,0.8590239,0.78,iter
1431,0.9,0.9677649,0.9400000000000001,iter
1432,0.7,0.9421318,0.7,iter
1433,0.9,0.950089,0.96,iter
1434,0.9,0.9738957,0.9000000000000001,iter
1435,0.7,0.9288268,0.8200000000000001,iter
1436,0.8,0.8987502,0.86,iter
1437,0.9,0.92033875,0.92,iter
1438,0.9,0.9875875,0.9400000000000001,iter
1439,0.9,0.95937884,0.9,iter
1440,0.7,0.9102284,0.78,iter
1441,0.9,0.9774133,0.9400000000000001,iter
1442,0.9,0.96980333,0.92,iter
1443,0.9,0.9811724,0.92,iter
1444,0.8,0.92013454,0.78,iter
1445,0.8,0.8785845,0.86,iter
1446,0.8,0.94858724,0.9,iter
1447,0.9,0.9557842,0.8800000000000001,iter
1448,0.9,0.89864874,0.8400000000000001,iter
1449,0.9,0.93050176,0.9,iter
1450,0.6,0.9288978,0.62,iter
1451,0.7,0.91418606,0.7,iter
1452,0.9,0.9498262,0.9000000000000001,iter
1453,0.9,0.9685895,0.92,iter
1454,0.7,0.9747571,0.76,iter
1455,1.0,0.97778445,1.0,iter
1456,0.9,0.9611016,0.9400000000000001,iter
1457,0.8,0.91673,0.86,iter
1458,0.9,0.93750477,0.88,iter
1459,0.8,0.826871,0.74,iter
1460,0.8,0.9340686,0.76,iter
1461,0.8,0.9714287,0.8400000000000001,iter
1462,0.9,0.92999804,0.9,iter
1463,0.8,0.9381304,0.8,iter
1464,0.9,0.971305,0.8800000000000001,iter
1465,0.9,0.9558164,0.96,iter
1466,0.8,0.9219757,0.86,iter
1467,0.9,0.96386844,0.8800000000000001,iter
1468,1.0,0.9721017,1.0,iter
1469,0.8,0.95235145,0.92,iter
1470,0.8,0.96283996,0.8799999999999999,iter
1471,0.9,0.9749565,0.92,iter
1472,0.8,0.86169577,0.6799999999999999,iter
1473,0.9,0.92540556,0.92,iter
1474,0.9,0.9719887,0.92,iter
1475,0.8,0.9592723,0.9,iter
1476,0.8,0.9176154,0.8800000000000001,iter
1477,1.0,0.9637443,1.0,iter
1478,1.0,0.96310735,1.0,iter
1479,0.9,0.97355366,0.9400000000000001,iter
1480,1.0,0.99156237,1.0,iter
1481,0.8,0.97061,0.88,iter
1482,0.8,0.9187366,0.8200000000000001,iter
1483,0.7,0.86189324,0.74,iter
1484,0.8,0.9017538,0.76,iter
1485,0.9,0.93785065,0.9000000000000001,iter
1486,0.8,0.8866834,0.8,iter
1487,0.8,0.8865343,0.7999999999999999,iter
1488,0.8,0.86981636,0.74,iter
1489,0.7,0.9210032,0.6799999999999999,iter
1490,0.9,0.8989087,0.8200000000000001,iter
1491,0.8,0.9261013,0.92,iter
1492,0.7,0.9198474,0.68,iter
1493,1.0,0.9631328,1.0,iter
1494,0.7,0.8630391,0.7,iter
1495,1.0,0.9597097,1.0,iter
1496,0.8,0.9498399,0.8400000000000001,iter
1497,0.9,0.96929425,0.9400000000000001,iter
1498,0.9,0.93489456,0.8800000000000001,iter
1499,0.8,0.8898602,0.84,iter
1500,0.8,0.9417382,0.76,iter
1501,0.8,0.9722575,0.9,iter
1502,0.9,0.9635557,0.9800000000000001,iter
1503,0.8,0.8116791,0.76,iter
1504,0.8,0.95603913,0.8800000000000001,iter
1505,0.9,0.98788834,0.96,iter
1506,0.9,0.9686907,0.9400000000000001,iter
1507,0.8,0.96263653,0.8800000000000001,iter
1508,0.9,0.9500706,0.92,iter
1509,0.9,0.9523832,0.96,iter
1510,0.9,0.9747046,0.96,iter
1511,0.7,0.84837854,0.5800000000000001,iter
1512,0.8,0.97914255,0.9,iter
1513,0.8,0.9439872,0.8200000000000001,iter
1514,0.8,0.9484929,0.9,iter
1515,0.8,0.54995227,0.56,iter
1516,0.9,0.94335055,0.9600000000000001,iter
1517,0.8,0.9585823,0.74,iter
1518,0.8,0.911329,0.8400000000000001,iter
1519,0.7,0.8891677,0.74,iter
1520,1.0,0.9557928,1.0,iter
1521,0.9,0.9642478,0.8600000000000001,iter
1522,0.9,0.9772386,0.8800000000000001,iter
1523,0.6,0.83329546,0.6199999999999999,iter
1524,0.8,0.91296035,0.8,iter
1525,0.9,0.9621871,0.9600000000000001,iter
1526,0.8,0.948962,0.8600000000000001,iter
1527,0.9,0.9564588,0.9400000000000001,iter
1528,0.8,0.9269568,0.8200000000000001,iter
1529,0.8,0.8984826,0.82,iter
1530,0.8,0.9526538,0.86,iter
1531,0.9,0.9563889,0.9000000000000001,iter
1532,0.8,0.9492758,0.7999999999999999,iter
1533,0.8,0.9452655,0.8200000000000001,iter
1534,0.9,0.961263,0.92,iter
1535,0.9,0.977283,0.9800000000000001,iter
1536,0.9,0.9632713,0.9600000000000001,iter
1537,0.9,0.9798683,0.9400000000000001,iter
1538,0.8,0.8868097,0.74,iter
1539,0.9,0.978047,0.9400000000000001,iter
1540,0.9,0.9281587,0.9400000000000001,iter
1541,0.9,0.8960323,0.8800000000000001,iter
1542,0.9,0.94738156,0.9400000000000001,iter
1543,0.7,0.90141255,0.7,iter
1544,0.9,0.96158785,0.9400000000000001,iter
1545,0.9,0.9592006,0.86,iter
1546,0.8,0.90039474,0.7999999999999999,iter
1547,0.8,0.94235986,0.8,iter
1548,0.8,0.9821018,0.86,iter
1549,0.8,0.92343515,0.78,iter
1550,0.9,0.9844405,0.92,iter
1551,0.9,0.9357926,0.9000000000000001,iter
1552,0.7,0.85214967,0.6599999999999999,iter
1553,0.8,0.9728914,0.8600000000000001,iter
1554,1.0,0.9488283,1.0,iter
1555,0.9,0.9435238,0.9600000000000001,iter
1556,0.7,0.9568851,0.72,iter
1557,0.9,0.9766853,0.9400000000000001,iter
1558,0.9,0.92266893,0.9800000000000001,iter
1559,0.8,0.9353663,0.84,iter
1560,0.9,0.8370626,0.8,iter
1561,0.7,0.9151627,0.7,iter
1562,0.7,0.9075246,0.7000000000000001,iter
1563,0.7,0.94407606,0.76,iter
1564,0.8,0.9215494,0.78,iter
1565,0.8,0.9511894,0.76,iter
1566,0.9,0.97762704,0.9600000000000001,iter
1567,0.8,0.9336803,0.7800000000000001,iter
1568,0.8,0.901646,0.78,iter
1569,0.6,0.8346279,0.56,iter
1570,0.9,0.9593904,0.8800000000000001,iter
1571,0.9,0.91956586,0.9400000000000001,iter
1572,0.8,0.98808736,0.88,iter
1573,0.9,0.9653317,0.92,iter
1574,0.9,0.95896566,0.9400000000000001,iter
1575,0.9,0.9176694,0.92,iter
1576,1.0,0.9851379,1.0,iter
1577,0.7,0.6304411,0.52,iter
1578,0.8,0.94692075,0.78,iter
1579,0.7,0.9124068,0.6599999999999999,iter
1580,1.0,0.94528604,1.0,iter
1581,0.8,0.94867814,0.8,iter
1582,1.0,0.98268056,1.0,iter
1583,0.7,0.82518697,0.72,iter
1584,0.9,0.9777828,0.9,iter
1585,0.9,0.9803997,0.92,iter
1586,0.9,0.9760995,0.96,iter
1587,0.9,0.97907275,0.96,iter
1588,0.8,0.87490135,0.7000000000000001,iter
1589,0.9,0.9750815,0.9,iter
1590,0.8,0.92957145,0.76,iter
1591,0.9,0.9781737,0.92,iter
1592,0.9,0.9875544,0.9800000000000001,iter
1593,0.8,0.94005924,0.8,iter
1594,0.9,0.9560711,0.9400000000000001,iter
1595,0.9,0.9713405,0.9800000000000001,iter
1596,0.8,0.97395116,0.86,iter
1597,0.8,0.9709525,0.9,iter
1598,0.8,0.88224524,0.74,iter
1599,0.9,0.97811407,0.92,iter
1600,0.8,0.95640403,0.9,iter
1601,0.8,0.93254864,0.84,iter
1602,0.8,0.939807,0.7600000000000001,iter
1603,0.9,0.9618124,0.8600000000000001,iter
1604,0.8,0.90081024,0.84,iter
1605,0.9,0.92491794,0.8800000000000001,iter
1606,0.7,0.8460193,0.72,iter
1607,0.8,0.8261114,0.74,iter
1608,0.9,0.96543413,0.9800000000000001,iter
1609,0.8,0.9600362,0.8200000000000001,iter
1610,0.9,0.9268039,0.86,iter
1611,0.9,0.9692454,0.9400000000000001,iter
1612,0.8,0.892673,0.86,iter
1613,0.9,0.99332094,0.96,iter
1614,0.8,0.98650736,0.8600000000000001,iter
1615,0.8,0.908557,0.8,iter
1616,0.8,0.94108814,0.88,iter
1617,0.8,0.9246955,0.8,iter
1618,0.8,0.95910805,0.9,iter
1619,0.9,0.9406286,0.8800000000000001,iter
1620,0.9,0.9759281,0.92,iter
1621,0.8,0.88219714,0.78,iter
1622,1.0,0.99066997,1.0,iter
1623,0.9,0.97798294,0.9400000000000001,iter
1624,0.8,0.98079735,0.8400000000000001,iter
1625,1.0,0.96245134,1.0,iter
1626,0.9,0.9650926,0.8600000000000001,iter
1627,0.8,0.9145195,0.88,iter
1628,0.8,0.9158944,0.86,iter
1629,0.7,0.8846824,0.6799999999999999,iter
1630,0.9,0.9761731,0.9400000000000001,iter
1631,0.9,0.9750796,0.92,iter
1632,0.9,0.96614534,0.92,iter
1633,0.8,0.9483212,0.8400000000000001,iter
1634,0.7,0.865841,0.78,iter
1635,0.9,0.9536594,0.9000000000000001,iter
1636,0.7,0.89327157,0.78,iter
1637,0.8,0.9784553,0.92,iter
1638,0.9,0.9778877,0.96,iter
1639,0.8,0.9150447,0.84,iter
1640,0.7,0.84982234,0.6799999999999999,iter
1641,0.9,0.95759636,0.9400000000000001,iter
1642,0.9,0.9381166,0.9199999999999999,iter
1643,0.8,0.91058534,0.9,iter
1644,0.8,0.8784515,0.78,iter
1645,0.8,0.9692738,0.92,iter
1646,0.8,0.94480133,0.82,iter
1647,0.8,0.91167545,0.8400000000000001,iter
1648,0.8,0.9735488,0.88,iter
1649,0.8,0.9602466,0.86,iter
1650,0.8,0.91783696,0.8400000000000001,iter
1651,0.7,0.9327988,0.72,iter
1652,0.9,0.9593572,0.9400000000000001,iter
1653,0.9,0.95834285,0.8600000000000001,iter
1654,0.9,0.9689267,0.8800000000000001,iter
1655,0.6,0.82185876,0.44,iter
1656,0.8,0.86208266,0.72,iter
1657,0.8,0.94244,0.74,iter
1658,0.7,0.9318805,0.8,iter
1659,0.7,0.80724597,0.62,iter
1660,0.8,0.93630195,0.78,iter
1661,0.8,0.90751016,0.8200000000000001,iter
1662,1.0,0.90734214,1.0,iter
1663,0.9,0.9722883,0.9800000000000001,iter
1664,0.8,0.93231815,0.7999999999999999,iter
1665,0.8,0.9055953,0.78,iter
1666,0.8,0.933448,0.76,iter
1667,0.9,0.95232224,0.8600000000000001,iter
1668,0.9,0.9668835,0.96,iter
1669,0.8,0.9347123,0.8200000000000001,iter
1670,0.7,0.9148125,0.58,iter
1671,0.8,0.9427463,0.78,iter
1672,0.8,0.9723119,0.86,iter
1673,0.8,0.9198562,0.82,iter
1674,1.0,0.9784888,1.0,iter
1675,0.9,0.9422294,0.9400000000000001,iter
1676,0.9,0.9537231,0.9,iter
1677,0.8,0.93759197,0.86,iter
1678,0.9,0.9487948,0.92,iter
1679,0.7,0.8831568,0.74,iter
1680,0.8,0.9079344,0.82,iter
1681,0.8,0.9374073,0.7999999999999999,iter
1682,0.9,0.9582759,0.9800000000000001,iter
1683,0.8,0.9746902,0.8400000000000001,iter
1684,0.8,0.9347153,0.76,iter
1685,0.8,0.9143362,0.74,iter
1686,0.9,0.96726483,0.9600000000000001,iter
1687,0.9,0.8957025,0.88,iter
1688,0.9,0.980015,0.9800000000000001,iter
1689,0.8,0.83762664,0.74,iter
1690,0.8,0.86593205,0.72,iter
1691,1.0,0.9645643,1.0,iter
1692,0.7,0.86690414,0.66,iter
1693,0.8,0.97011364,0.76,iter
1694,0.8,0.9699478,0.9,iter
1695,0.9,0.94907814,0.92,iter
1696,0.8,0.88628244,0.86,iter
1697,0.8,0.9530798,0.9,iter
1698,0.8,0.9047146,0.84,iter
1699,0.9,0.95642966,0.9400000000000001,iter
1700,0.8,0.88042396,0.82,iter
1701,0.9,0.9464125,0.9000000000000001,iter
1702,0.9,0.9514812,0.8800000000000001,iter
1703,0.7,0.7743838,0.6,iter
1704,0.8,0.9074563,0.76,iter
1705,0.8,0.94867915,0.7999999999999999,iter
1706,0.8,0.96189815,0.8400000000000001,iter
1707,0.8,0.9358034,0.84,iter
1708,0.7,0.93907094,0.74,iter
1709,0.9,0.9650302,0.96,iter
1710,0.8,0.97349244,0.8200000000000001,iter
1711,0.8,0.94324875,0.92,iter
1712,0.9,0.9665435,0.8400000000000001,iter
1713,0.9,0.9912093,0.9,iter
1714,0.8,0.9025167,0.8,iter
1715,0.8,0.9371779,0.8200000000000001,iter
1716,0.8,0.9583038,0.9,iter
1717,0.9,0.9460477,0.96,iter
1718,0.9,0.9735916,0.9400000000000001,iter
1719,0.9,0.9226405,0.9600000000000001,iter
1720,0.8,0.9510315,0.88,iter
1721,0.8,0.89687186,0.88,iter
1722,0.8,0.94492114,0.88,iter
1723,0.8,0.95633274,0.86,iter
1724,0.7,0.8616277,0.6599999999999999,iter
1725,0.9,0.9822537,0.9800000000000001,iter
1726,0.9,0.952441,0.92,iter
1727,0.8,0.91378397,0.88,iter
1728,0.8,0.8919692,0.82,iter
1729,0.9,0.95729476,0.9400000000000001,iter
1730,0.9,0.9593843,0.92,iter
1731,0.9,0.91632783,0.9400000000000001,iter
1732,0.7,0.89942974,0.76,iter
1733,0.8,0.79712725,0.7000000000000001,iter
1734,0.9,0.9290868,0.8800000000000001,iter
1735,0.7,0.9029133,0.72,iter
1736,0.9,0.99008054,0.9600000000000001,iter
1737,0.8,0.938763,0.86,iter
1738,1.0,0.9797473,1.0,iter
1739,0.9,0.977446,0.9,iter
1740,0.9,0.95567423,0.9600000000000001,iter
1741,1.0,0.9568945,1.0,iter
1742,0.9,0.96876854,0.9,iter
1743,0.8,0.9416672,0.78,iter
1744,0.7,0.8979387,0.72,iter
1745,0.9,0.95683545,0.9800000000000001,iter
1746,0.9,0.8832408,0.96,iter
1747,0.9,0.9415595,0.9400000000000001,iter
1748,0.7,0.87519735,0.68,iter
1749,0.8,0.93943465,0.82,iter
1750,0.7,0.89285934,0.7,iter
1751,0.8,0.92038363,0.7999999999999999,iter
1752,1.0,0.98154324,1.0,iter
1753,0.9,0.98172015,0.8800000000000001,iter
1754,0.7,0.9074825,0.76,iter
1755,0.9,0.9547708,0.8800000000000001,iter
1756,0.8,0.92638314,0.88,iter
1757,0.9,0.978034,0.9400000000000001,iter
1758,0.8,0.8699375,0.82,iter
1759,0.8,0.9492411,0.88,iter
1760,0.9,0.9849565,0.9800000000000001,iter
1761,0.9,0.93168914,0.9,iter
1762,0.9,0.9541726,0.9,iter
1763,0.9,0.96457994,0.9400000000000001,iter
1764,0.9,0.9215237,0.8800000000000001,iter
1765,0.9,0.9811996,0.9800000000000001,iter
1766,1.0,0.9806567,1.0,iter
1767,0.8,0.9354985,0.86,iter
1768,0.8,0.8316868,0.78,iter
1769,0.8,0.9630967,0.92,iter
1770,0.8,0.9694624,0.8400000000000001,iter
1771,0.9,0.9589258,0.9400000000000001,iter
1772,0.6,0.81391263,0.46,iter
1773,0.9,0.9529078,0.96,iter
1774,0.8,0.9433225,0.8400000000000001,iter
1775,0.8,0.9385642,0.8800000000000001,iter
1776,0.8,0.8758219,0.82,iter
1777,0.7,0.8682085,0.62,iter
1778,0.8,0.9693671,0.8200000000000001,iter
1779,0.7,0.8092619,0.6,iter
1780,1.0,0.9767291,1.0,iter
1781,0.9,0.93303514,0.96,iter
1782,0.7,0.8925422,0.7,iter
1783,0.7,0.95609015,0.76,iter
1784,0.9,0.9731871,0.96,iter
1785,0.9,0.98623127,0.92,iter
1786,0.9,0.93354195,0.9400000000000001,iter
1787,0.8,0.9370602,0.8200000000000001,iter
1788,0.7,0.88103473,0.76,iter
1789,0.8,0.9761547,0.9,iter
1790,0.7,0.9501962,0.7200000000000001,iter
1791,0.9,0.90113974,0.8800000000000001,iter
1792,0.8,0.96274084,0.78,iter
1793,0.9,0.92686445,0.86,iter
1794,0.8,0.92855805,0.76,iter
1795,0.8,0.87861866,0.8400000000000001,iter
1796,0.9,0.86947745,0.8200000000000001,iter
1797,0.8,0.9797802,0.92,iter
1798,0.7,0.9718076,0.8200000000000001,iter
1799,0.9,0.92970437,0.92,iter
1800,0.6,0.8074274,0.6000000000000001,iter
1801,1.0,0.97434646,1.0,iter
1802,0.8,0.95718473,0.8200000000000001,iter
1803,0.9,0.97015,0.8600000000000001,iter
1804,0.7,0.8847888,0.6200000000000001,iter
1805,0.7,0.9464043,0.72,iter
1806,0.9,0.9726245,0.9000000000000001,iter
1807,0.9,0.98484534,0.92,iter
1808,0.7,0.92278373,0.74,iter
1809,0.8,0.9180592,0.74,iter
1810,0.8,0.7860225,0.66,iter
1811,0.9,0.94541323,0.9400000000000001,iter
1812,0.8,0.8345642,0.72,iter
1813,0.9,0.9539526,0.92,iter
1814,0.8,0.83485544,0.78,iter
1815,1.0,0.9900737,1.0,iter
1816,0.9,0.94295335,0.9600000000000001,iter
1817,0.8,0.9523562,0.8,iter
1818,0.9,0.9735188,0.92,iter
1819,1.0,0.9552699,1.0,iter
1820,0.9,0.99496377,0.9800000000000001,iter
1821,0.8,0.94751626,0.86,iter
1822,0.8,0.88321,0.7999999999999999,iter
1823,0.8,0.94059056,0.8800000000000001,iter
1824,0.8,0.9501873,0.88,iter
1825,1.0,0.97115606,1.0,iter
1826,0.8,0.9598398,0.88,iter
1827,0.9,0.95792466,0.9199999999999999,iter
1828,0.9,0.975308,0.92,iter
1829,0.7,0.8944921,0.7200000000000001,iter
1830,0.8,0.889645,0.7999999999999999,iter
1831,0.9,0.9334737,0.9600000000000001,iter
1832,0.7,0.8999787,0.7,iter
1833,0.9,0.9204521,0.8600000000000001,iter
1834,0.8,0.94981253,0.78,iter
1835,0.7,0.9407122,0.72,iter
1836,0.9,0.9714902,0.9,iter
1837,0.9,0.97879165,0.9800000000000001,iter
1838,0.9,0.94110394,0.8800000000000001,iter
1839,0.9,0.9309022,0.9600000000000001,iter
1840,0.8,0.9652777,0.8400000000000001,iter
1841,0.9,0.9549854,0.8800000000000001,iter
1842,0.9,0.95874053,0.9800000000000001,iter
1843,0.8,0.81854194,0.76,iter
1844,0.9,0.96227944,0.96,iter
1845,0.8,0.943855,0.8400000000000001,iter
1846,0.9,0.95559376,0.8800000000000001,iter
1847,0.9,0.9701306,0.9600000000000001,iter
1848,0.7,0.8828539,0.5800000000000001,iter
1849,0.9,0.96290046,0.9400000000000001,iter
1850,0.7,0.91237825,0.66,iter
1851,0.7,0.88011736,0.76,iter
1852,0.8,0.93163764,0.86,iter
1853,0.8,0.91928,0.8800000000000001,iter
1854,0.8,0.89475965,0.78,iter
1855,0.9,0.9195758,0.9,iter
1856,0.9,0.96494913,0.9199999999999999,iter
1857,0.9,0.8280679,0.7800000000000001,iter
1858,0.9,0.9871107,0.9800000000000001,iter
1859,0.9,0.96078956,0.9,iter
1860,0.9,0.93630093,0.9600000000000001,iter
1861,0.8,0.98171866,0.9,iter
1862,0.8,0.90481967,0.74,iter
1863,0.7,0.91835773,0.72,iter
1864,0.9,0.9444764,0.9400000000000001,iter
1865,0.9,0.97610414,0.9,iter
1866,0.8,0.9499717,0.86,iter
1867,0.8,0.96590525,0.9,iter
1868,0.7,0.8780272,0.6400000000000001,iter
1869,0.6,0.90977573,0.6599999999999999,iter
1870,0.7,0.91770613,0.8200000000000001,iter
1871,0.8,0.9111787,0.86,iter
1872,0.7,0.91630757,0.7200000000000001,iter
1873,0.8,0.96702504,0.74,iter
1874,0.8,0.8520774,0.7,iter
1875,1.0,0.9866849,1.0,iter
1876,0.8,0.9352818,0.8,iter
1877,0.6,0.8768929,0.5800000000000001,iter
1878,0.9,0.9426556,0.96,iter
1879,0.6,0.92455745,0.56,iter
1880,0.9,0.9585733,0.96,iter
1881,0.7,0.95690125,0.7,iter
1882,0.9,0.9495202,0.92,iter
1883,0.8,0.9520693,0.8,iter
1884,0.7,0.87891567,0.6799999999999999,iter
1885,0.8,0.9765613,0.8800000000000001,iter
1886,0.6,0.8256514,0.37999999999999995,iter
1887,0.7,0.9160153,0.7,iter
1888,0.8,0.9039013,0.88,iter
1889,0.9,0.84938806,0.88,iter
1890,0.9,0.962401,0.9600000000000001,iter
1891,0.8,0.89274806,0.7200000000000001,iter
1892,0.8,0.7501805,0.68,iter
1893,0.7,0.8749724,0.62,iter
1894,0.9,0.9728458,0.9,iter
1895,0.9,0.9692673,0.92,iter
1896,0.8,0.90234464,0.78,iter
1897,0.7,0.9475755,0.6399999999999999,iter
1898,0.8,0.9840596,0.8800000000000001,iter
1899,0.8,0.9038423,0.9,iter
1900,0.9,0.97045285,0.96,iter
1901,1.0,0.9658523,1.0,iter
1902,0.8,0.8722894,0.8200000000000001,iter
1903,0.9,0.9052858,0.88,iter
1904,0.9,0.9782557,0.9800000000000001,iter
1905,0.8,0.943843,0.8200000000000001,iter
1906,0.8,0.9844081,0.86,iter
1907,0.8,0.964331,0.88,iter
1908,0.8,0.98063695,0.92,iter
1909,0.9,0.9736325,0.92,iter
1910,0.8,0.928995,0.8600000000000001,iter
1911,0.9,0.97568226,0.96,iter
1912,0.8,0.9290033,0.92,iter
1913,0.8,0.8983258,0.78,iter
1914,0.8,0.906152,0.84,iter
1915,1.0,0.9689959,1.0,iter
1916,0.8,0.87483186,0.8800000000000001,iter
1917,0.8,0.8499355,0.76,iter
1918,0.8,0.98072964,0.88,iter
1919,0.9,0.9597144,0.9400000000000001,iter
1920,0.8,0.8500018,0.82,iter
1921,0.9,0.9340354,0.92,iter
1922,0.8,0.93479913,0.8799999999999999,iter
1923,0.9,0.96395653,0.9400000000000001,iter
1924,0.9,0.984769,0.9400000000000001,iter
1925,0.7,0.8555764,0.66,iter
1926,0.8,0.9220706,0.8600000000000001,iter
1927,0.9,0.7694191,0.8200000000000001,iter
1928,0.9,0.9249534,0.92,iter
1929,0.8,0.9755151,0.86,iter
1930,0.8,0.9204678,0.9,iter
1931,0.9,0.92916065,0.9,iter
1932,0.9,0.98352444,0.8800000000000001,iter
1933,0.7,0.9286962,0.72,iter
1934,0.8,0.90309954,0.84,iter
1935,0.8,0.9526615,0.78,iter
1936,0.9,0.9600742,0.9,iter
1937,0.7,0.6588635,0.5,iter
1938,0.7,0.92338866,0.78,iter
1939,0.9,0.8830596,0.9000000000000001,iter
1940,0.9,0.90295225,0.92,iter
1941,0.9,0.9829332,0.9400000000000001,iter
1942,0.7,0.7413069,0.58,iter
1943,0.8,0.9167493,0.8,iter
1944,0.8,0.9227686,0.8400000000000001,iter
1945,0.9,0.9655461,0.9400000000000001,iter
1946,0.7,0.95216227,0.76,iter
1947,0.9,0.95254344,0.8800000000000001,iter
1948,0.7,0.93968666,0.76,iter
1949,1.0,0.97666085,1.0,iter
1950,0.9,0.9454767,0.9600000000000001,iter
1951,0.8,0.94260764,0.8,iter
1952,0.8,0.9307186,0.8400000000000001,iter
1953,0.9,0.9268447,0.9400000000000001,iter
1954,0.8,0.96932876,0.8799999999999999,iter
1955,0.8,0.9226759,0.88,iter
1956,0.8,0.93233377,0.8200000000000001,iter
1957,0.8,0.9623188,0.82,iter
1958,0.8,0.934233,0.8,iter
1959,0.8,0.9450056,0.78,iter
1960,0.8,0.8976575,0.78,iter
1961,0.9,0.91508645,0.8800000000000001,iter
1962,0.9,0.9751409,0.92,iter
1963,0.9,0.93491834,0.9,iter
1964,0.8,0.9789421,0.7800000000000001,iter
1965,0.9,0.95346856,0.9400000000000001,iter
1966,0.9,0.9143836,0.8400000000000001,iter
1967,0.9,0.9546925,0.8600000000000001,iter
1968,0.7,0.91629964,0.74,iter
1969,0.6,0.9441087,0.6599999999999999,iter
1970,0.9,0.9371474,0.9800000000000001,iter
1971,0.7,0.918629,0.7,iter
1972,0.8,0.97705513,0.8200000000000001,iter
1973,0.8,0.935139,0.82,iter
1974,0.8,0.961219,0.8200000000000001,iter
1975,0.8,0.94973296,0.8200000000000001,iter
1976,0.8,0.9595232,0.8,iter
1977,0.9,0.8946634,0.9400000000000001,iter
1978,1.0,0.9798112,1.0,iter
1979,0.9,0.80551434,0.7600000000000001,iter
1980,0.8,0.9487819,0.8200000000000001,iter
1981,0.6,0.798681,0.48000000000000004,iter
1982,0.9,0.9751015,0.96,iter
1983,1.0,0.95862776,1.0,iter
1984,0.9,0.97079146,0.9,iter
1985,0.8,0.9331365,0.86,iter
1986,0.9,0.9189446,0.86,iter
1987,0.8,0.9825709,0.92,iter
1988,1.0,0.9838644,1.0,iter
1989,0.6,0.72685456,0.48,iter
1990,0.8,0.9372168,0.6799999999999999,iter
1991,0.8,0.94023854,0.84,iter
1992,0.8,0.9380959,0.84,iter
1993,0.8,0.9483517,0.8400000000000001,iter
1994,0.9,0.96287173,0.92,iter
1995,1.0,0.97358006,1.0,iter
1996,0.8,0.82444614,0.7,iter
1997,0.8,0.86300623,0.74,iter
1998,0.9,0.95411617,0.8800000000000001,iter
1999,1.0,0.9700344,1.0,iter
2000,0.7,0.91615546,0.64,iter
2001,0.9,0.9769421,0.9600000000000001,iter
2002,0.8,0.9169309,0.8,iter
2003,0.7,0.9707811,0.8200000000000001,iter
2004,1.0,0.9786618,1.0,iter
2005,0.9,0.95716274,0.8800000000000001,iter
2006,1.0,0.98051673,1.0,iter
2007,0.8,0.9043253,0.7,iter
2008,0.8,0.8759574,0.76,iter
2009,0.9,0.962936,0.9,iter
2010,0.8,0.94062287,0.84,iter
2011,0.7,0.8558985,0.74,iter
2012,0.8,0.94135904,0.86,iter
2013,0.9,0.94480306,0.96,iter
2014,0.7,0.81912076,0.62,iter
2015,0.9,0.9732457,0.92,iter
2016,0.8,0.92958784,0.7999999999999999,iter
2017,0.9,0.93934345,0.92,iter
2018,0.8,0.8250485,0.74,iter
2019,1.0,0.9679286,1.0,iter
2020,0.7,0.8993838,0.72,iter
2021,0.7,0.8061225,0.6,iter
2022,0.7,0.81758267,0.66,iter
2023,0.9,0.88398874,0.8400000000000001,iter
2024,0.9,0.9819677,0.9400000000000001,iter
2025,0.8,0.937437,0.8799999999999999,iter
2026,0.8,0.9569907,0.8200000000000001,iter
2027,0.8,0.91051424,0.7400000000000001,iter
2028,0.9,0.96162057,0.9800000000000001,iter
2029,0.9,0.9774044,0.9400000000000001,iter
2030,0.8,0.93727857,0.88,iter
2031,0.8,0.9482695,0.78,iter
2032,0.8,0.9800198,0.86,iter
2033,0.7,0.9196577,0.8,iter
2034,0.8,0.951853,0.8800000000000001,iter
2035,0.8,0.8772679,0.8200000000000001,iter
2036,0.9,0.946129,0.9400000000000001,iter
2037,0.8,0.97774065,0.9,iter
2038,0.9,0.97472537,0.9800000000000001,iter
2039,1.0,0.9716617,1.0,iter
2040,0.8,0.9580701,0.9,iter
2041,0.8,0.92767835,0.86,iter
2042,0.9,0.9747595,0.92,iter
2043,0.9,0.96530724,0.9,iter
2044,0.7,0.8678447,0.64,iter
2045,0.8,0.8317526,0.6399999999999999,iter
2046,0.9,0.92068756,0.96,iter
2047,0.8,0.956802,0.92,iter
2048,0.8,0.93809134,0.8,iter
2049,0.9,0.9614375,0.96,iter
2050,0.6,0.9387965,0.54,iter
2051,0.8,0.74943304,0.76,iter
2052,0.8,0.9153382,0.78,iter
2053,0.7,0.9240892,0.7,iter
2054,0.8,0.9596565,0.7200000000000001,iter
2055,0.7,0.9359163,0.78,iter
2056,0.9,0.9315864,0.9,iter
2057,0.9,0.977547,0.9800000000000001,iter
2058,0.9,0.9580511,0.96,iter
2059,0.9,0.9459012,0.9800000000000001,iter
2060,0.8,0.9712254,0.8400000000000001,iter
2061,0.8,0.96563727,0.9,iter
2062,0.9,0.97028136,0.9400000000000001,iter
2063,0.8,0.82972586,0.64,iter
2064,0.7,0.89558065,0.6399999999999999,iter
2065,0.7,0.8997336,0.6200000000000001,iter
2066,0.7,0.9578536,0.78,iter
2067,0.8,0.930339,0.88,iter
2068,0.9,0.96114874,0.9,iter
2069,0.9,0.94941866,0.9800000000000001,iter
2070,0.9,0.9729074,0.9400000000000001,iter
2071,0.9,0.9604892,0.8800000000000001,iter
2072,1.0,0.98175055,1.0,iter
2073,0.8,0.9401783,0.8200000000000001,iter
2074,0.8,0.93104666,0.8,iter
2075,0.9,0.9641825,0.92,iter
2076,0.8,0.86668414,0.72,iter
2077,0.9,0.965178,0.9600000000000001,iter
2078,0.9,0.9844945,0.9800000000000001,iter
2079,0.7,0.9309594,0.76,iter
2080,0.7,0.87767303,0.6200000000000001,iter
2081,0.8,0.9205165,0.8,iter
2082,0.8,0.9548598,0.86,iter
2083,0.8,0.8952138,0.8200000000000001,iter
2084,0.8,0.8969732,0.76,iter
2085,0.8,0.9120018,0.74,iter
2086,0.8,0.9193522,0.78,iter
2087,0.8,0.9369654,0.8200000000000001,iter
2088,0.7,0.79322416,0.6,iter
2089,0.7,0.88746315,0.8,iter
2090,0.9,0.96554065,0.9199999999999999,iter
2091,0.9,0.96434003,0.9400000000000001,iter
2092,0.7,0.7639786,0.58,iter
2093,0.8,0.8864204,0.76,iter
2094,0.6,0.9267166,0.62,iter
2095,0.7,0.9589224,0.8,iter
2096,0.7,0.9207502,0.78,iter
2097,0.7,0.82544905,0.7,iter
2098,0.8,0.97079265,0.9,iter
2099,0.8,0.9241713,0.8200000000000001,iter
2100,0.8,0.926832,0.76,iter
2101,0.8,0.98865604,0.88,iter
2102,0.7,0.8002907,0.64,iter
2103,0.7,0.9368218,0.6399999999999999,iter
2104,0.9,0.97159374,0.9,iter
2105,0.8,0.97643924,0.8200000000000001,iter
2106,0.8,0.8995025,0.76,iter
2107,0.8,0.94071305,0.88,iter
2108,0.8,0.9049177,0.8,iter
2109,0.9,0.9582823,0.92,iter
2110,0.8,0.9239978,0.7999999999999999,iter
2111,0.8,0.96262455,0.9,iter
2112,0.9,0.9788656,0.9600000000000001,iter
2113,0.9,0.89606893,0.92,iter
2114,0.9,0.9813059,0.9600000000000001,iter
2115,0.9,0.92071724,0.86,iter
2116,0.8,0.8618325,0.8,iter
2117,0.8,0.9338857,0.86,iter
2118,0.8,0.9349472,0.9,iter
2119,0.7,0.85726196,0.7,iter
2120,0.9,0.7977637,0.8,iter
2121,0.8,0.9552128,0.8200000000000001,iter
2122,0.7,0.8204213,0.64,iter
2123,0.9,0.95602465,0.9400000000000001,iter
2124,0.7,0.92660016,0.74,iter
2125,0.9,0.9852762,0.9,iter
2126,0.7,0.94229126,0.7,iter
2127,0.9,0.9841673,0.92,iter
2128,1.0,0.9681949,1.0,iter
2129,1.0,0.96791667,1.0,iter
2130,0.8,0.92630464,0.76,iter
2131,0.8,0.8989802,0.78,iter
2132,0.7,0.9150877,0.72,iter
2133,0.8,0.9425858,0.7400000000000001,iter
2134,0.8,0.9269833,0.84,iter
2135,0.8,0.902381,0.86,iter
2136,0.8,0.9665617,0.8200000000000001,iter
2137,0.8,0.9750243,0.7800000000000001,iter
2138,0.8,0.91988516,0.92,iter
2139,0.8,0.96875226,0.8400000000000001,iter
2140,0.6,0.8472377,0.6000000000000001,iter
2141,0.9,0.9604044,0.9400000000000001,iter
2142,0.7,0.9283432,0.6799999999999999,iter
2143,0.9,0.92580986,0.9000000000000001,iter
2144,0.8,0.9381592,0.9,iter
2145,0.9,0.89683735,0.88,iter
2146,0.9,0.9460633,0.9800000000000001,iter
2147,0.8,0.9730744,0.88,iter
2148,0.7,0.9093499,0.6799999999999999,iter
2149,0.9,0.9712746,0.92,iter
2150,0.9,0.94383407,0.9000000000000001,iter
2151,0.7,0.98000896,0.74,iter
2152,0.8,0.9259,0.78,iter
2153,0.9,0.93618333,0.9,iter
2154,0.8,0.9528184,0.8200000000000001,iter
2155,0.8,0.89394206,0.78,iter
2156,0.9,0.9645864,0.9,iter
2157,0.8,0.96642184,0.92,iter
2158,0.9,0.96046126,0.92,iter
2159,0.9,0.9546086,0.9600000000000001,iter
2160,0.7,0.8953314,0.66,iter
2161,0.7,0.9410579,0.76,iter
2162,0.8,0.97207284,0.8200000000000001,iter
2163,0.9,0.94157714,0.8600000000000001,iter
2164,0.8,0.9695731,0.76,iter
2165,0.8,0.8342731,0.76,iter
2166,0.8,0.9311495,0.84,iter
2167,0.9,0.92405766,0.9400000000000001,iter
2168,0.9,0.90603733,0.9,iter
2169,0.8,0.88510495,0.78,iter
2170,0.9,0.9959623,0.9600000000000001,iter
2171,0.8,0.9331037,0.86,iter
2172,0.8,0.89191836,0.8200000000000001,iter
2173,0.8,0.9705877,0.7800000000000001,iter
2174,0.9,0.94584084,0.9,iter
2175,0.8,0.9641169,0.92,iter
2176,0.7,0.9068147,0.6400000000000001,iter
2177,1.0,0.98669153,1.0,iter
2178,0.8,0.97850835,0.86,iter
2179,0.8,0.8601873,0.76,iter
2180,0.9,0.92866415,0.92,iter
2181,0.8,0.9569085,0.9,iter
2182,0.9,0.9735399,0.9400000000000001,iter
2183,0.9,0.9714714,0.96,iter
2184,0.9,0.877499,0.8400000000000001,iter
2185,0.9,0.9358681,0.8400000000000001,iter
2186,0.9,0.93346906,0.9199999999999999,iter
2187,0.9,0.95803636,0.92,iter
2188,0.8,0.95966816,0.8799999999999999,iter
2189,0.9,0.92389464,0.8800000000000001,iter
2190,0.8,0.95635074,0.86,iter
2191,0.9,0.9649075,0.9,iter
2192,0.9,0.9452229,0.9,iter
2193,0.9,0.9337669,0.8400000000000001,iter
2194,0.8,0.903803,0.76,iter
2195,0.8,0.8513902,0.8,iter
2196,0.9,0.94139975,0.8800000000000001,iter
2197,0.8,0.97334534,0.76,iter
2198,0.8,0.96671015,0.8400000000000001,iter
2199,0.9,0.92317593,0.8600000000000001,iter
2200,0.9,0.98069483,0.9600000000000001,iter
2201,0.8,0.97763467,0.8800000000000001,iter
2202,0.7,0.89051265,0.78,iter
2203,0.9,0.90684366,0.78,iter
2204,0.9,0.9231586,0.8,iter
2205,0.7,0.8695982,0.68,iter
2206,0.8,0.96792746,0.92,iter
2207,0.9,0.9300934,0.8800000000000001,iter
2208,0.9,0.97936106,0.9800000000000001,iter
2209,0.8,0.8684095,0.86,iter
2210,0.8,0.9722426,0.84,iter
2211,0.8,0.95647275,0.8200000000000001,iter
2212,0.7,0.7549673,0.66,iter
2213,0.9,0.9390874,0.9800000000000001,iter
2214,0.9,0.9766954,0.9400000000000001,iter
2215,0.8,0.9515681,0.82,iter
2216,0.8,0.9247473,0.8400000000000001,iter
2217,0.7,0.90301555,0.74,iter
2218,0.9,0.98260844,0.92,iter
2219,0.8,0.9265613,0.8,iter
2220,0.8,0.93038356,0.8400000000000001,iter
2221,0.9,0.97274125,0.9600000000000001,iter
2222,0.9,0.8817081,0.8200000000000001,iter
2223,0.8,0.8695154,0.8,iter
2224,0.8,0.9606751,0.8400000000000001,iter
2225,0.9,0.96204424,0.9400000000000001,iter
2226,0.9,0.96664244,0.9800000000000001,iter
2227,0.9,0.8438308,0.8800000000000001,iter
2228,0.9,0.971176,0.9,iter
2229,0.8,0.9406637,0.84,iter
2230,0.9,0.9516752,0.8400000000000001,iter
2231,0.9,0.9427513,0.88,iter
2232,0.9,0.9864201,0.9600000000000001,iter
2233,0.9,0.92448676,0.88,iter
2234,0.9,0.92949736,0.8200000000000001,iter
2235,0.9,0.97647893,0.8800000000000001,iter
2236,0.9,0.9112545,0.8800000000000001,iter
2237,0.9,0.9533174,0.88,iter
2238,0.8,0.94444597,0.88,iter
2239,0.8,0.8833445,0.68,iter
2240,0.8,0.9419983,0.76,iter
2241,0.8,0.9248776,0.8,iter
2242,0.9,0.9454073,0.8800000000000001,iter
2243,0.8,0.85418236,0.78,iter
2244,0.8,0.89955395,0.86,iter
2245,0.8,0.8582331,0.6799999999999999,iter
2246,0.7,0.96404487,0.6599999999999999,iter
2247,0.7,0.9386917,0.72,iter
2248,0.8,0.93819475,0.78,iter
2249,0.9,0.9683092,0.92,iter
2250,1.0,0.9794798,1.0,iter
2251,0.9,0.9467183,0.8800000000000001,iter
2252,0.8,0.892175,0.84,iter
2253,0.6,0.6798051,0.39999999999999997,iter
2254,0.7,0.8581654,0.5599999999999999,iter
2255,0.8,0.9531169,0.76,iter
2256,0.9,0.92839676,0.9,iter
2257,0.9,0.90799356,0.8200000000000001,iter
2258,1.0,0.96216196,1.0,iter
2259,0.9,0.9817453,0.96,iter
2260,0.9,0.9608894,0.92,iter
2261,0.9,0.96152484,0.9,iter
2262,0.9,0.9623915,0.92,iter
2263,0.9,0.9480511,0.9,iter
2264,0.7,0.82987493,0.7,iter
2265,0.7,0.8563132,0.7,iter
2266,0.8,0.94560426,0.8600000000000001,iter
2267,0.8,0.94129086,0.82,iter
2268,0.8,0.9194625,0.8,iter
2269,1.0,0.9813565,1.0,iter
2270,0.9,0.93117845,0.9400000000000001,iter
2271,0.9,0.94023687,0.92,iter
2272,0.8,0.9432681,0.9,iter
2273,0.7,0.9542198,0.8200000000000001,iter
2274,0.8,0.8587421,0.6000000000000001,iter
2275,0.8,0.97739166,0.8400000000000001,iter
2276,0.8,0.9438878,0.8400000000000001,iter
2277,0.9,0.9396941,0.9000000000000001,iter
2278,0.8,0.96884596,0.88,iter
2279,0.8,0.96066976,0.88,iter
2280,0.8,0.95468724,0.88,iter
2281,0.8,0.9166144,0.76,iter
2282,1.0,0.9786614,1.0,iter
2283,0.9,0.97844857,0.9800000000000001,iter
2284,0.8,0.9702979,0.8,iter
2285,0.7,0.91036904,0.6799999999999999,iter
2286,0.7,0.8441788,0.56,iter
2287,0.8,0.97562283,0.74,iter
2288,0.9,0.9114583,0.9000000000000001,iter
2289,0.9,0.9393875,0.9800000000000001,iter
2290,0.8,0.9290051,0.8400000000000001,iter
2291,0.8,0.96177167,0.8,iter
2292,0.8,0.90735906,0.74,iter
2293,0.7,0.930389,0.68,iter
2294,0.9,0.96176857,0.9600000000000001,iter
2295,0.9,0.9904592,0.9800000000000001,iter
2296,0.9,0.9813303,0.9800000000000001,iter
2297,0.8,0.9679255,0.8600000000000001,iter
2298,0.6,0.84934795,0.64,iter
2299,0.8,0.87484443,0.76,iter
2300,0.9,0.991414,0.9800000000000001,iter
2301,0.9,0.9688674,0.9199999999999999,iter
2302,0.8,0.92681634,0.78,iter
2303,0.8,0.9136947,0.86,iter
2304,1.0,0.9626812,1.0,iter
2305,0.7,0.9260721,0.74,iter
2306,0.9,0.9370369,0.8400000000000001,iter
2307,0.8,0.9528787,0.7600000000000001,iter
2308,0.7,0.8935457,0.64,iter
2309,0.8,0.87872213,0.86,iter
2310,0.7,0.88979226,0.6799999999999999,iter
2311,0.8,0.88201416,0.82,iter
2312,0.9,0.9290866,0.9,iter
2313,0.8,0.9591264,0.8800000000000001,iter
2314,0.9,0.8903287,0.8,iter
2315,1.0,0.9948696,1.0,iter
2316,1.0,0.9887635,1.0,iter
2317,0.9,0.96058184,0.9600000000000001,iter
2318,0.9,0.9578174,0.8800000000000001,iter
2319,0.9,0.9696736,0.9600000000000001,iter
2320,0.7,0.9638985,0.8,iter
2321,0.8,0.9346485,0.72,iter
2322,0.9,0.88092464,0.84,iter
2323,0.8,0.8889344,0.76,iter
2324,0.8,0.9577731,0.8800000000000001,iter
2325,0.9,0.8811703,0.86,iter
2326,0.9,0.9931018,0.9800000000000001,iter
2327,0.8,0.9657113,0.8400000000000001,iter
2328,0.7,0.92302346,0.76,iter
2329,0.7,0.9030756,0.62,iter
2330,0.7,0.81010085,0.5800000000000001,iter
2331,0.9,0.91217405,0.9,iter
2332,0.9,0.91509235,0.8600000000000001,iter
2333,0.8,0.9652395,0.8,iter
2334,0.8,0.8385064,0.66,iter
2335,0.8,0.95090336,0.78,iter
2336,0.8,0.94004387,0.86,iter
2337,0.8,0.9424513,0.8800000000000001,iter
2338,0.9,0.96140516,0.9400000000000001,iter
2339,0.8,0.87945354,0.8800000000000001,iter
2340,0.9,0.95267814,0.92,iter
2341,0.7,0.8558514,0.64,iter
2342,0.8,0.8989408,0.8400000000000001,iter
2343,0.9,0.9442275,0.8800000000000001,iter
2344,0.6,0.83577156,0.5599999999999999,iter
2345,0.8,0.9552853,0.92,iter
2346,0.8,0.94380057,0.8800000000000001,iter
2347,0.9,0.9878416,0.9800000000000001,iter
2348,0.7,0.83476645,0.64,iter
2349,0.8,0.903348,0.82,iter
2350,0.9,0.9418301,0.8200000000000001,iter
2351,0.9,0.9075454,0.88,iter
2352,0.8,0.9351966,0.86,iter
2353,0.7,0.91478825,0.66,iter
2354,0.8,0.8998194,0.8400000000000001,iter
2355,0.9,0.9168189,0.88,iter
2356,0.9,0.9678483,0.9400000000000001,iter
2357,0.8,0.93034214,0.86,iter
2358,0.9,0.9084886,0.8,iter
2359,0.7,0.93225825,0.78,iter
2360,0.8,0.9526498,0.8800000000000001,iter
2361,0.9,0.9266491,0.86,iter
2362,0.8,0.94348866,0.8,iter
2363,0.8,0.8881248,0.72,iter
2364,0.8,0.8316716,0.72,iter
2365,0.9,0.97542953,0.92,iter
2366,1.0,0.9818295,1.0,iter
2367,0.9,0.93823576,0.8400000000000001,iter
2368,0.8,0.91871345,0.7400000000000001,iter
2369,0.8,0.8919707,0.84,iter
2370,0.9,0.9657971,0.9800000000000001,iter
2371,0.9,0.94186574,0.8800000000000001,iter
2372,0.8,0.8813022,0.76,iter
2373,1.0,0.96251523,1.0,iter
2374,1.0,0.9741991,1.0,iter
2375,0.8,0.9565959,0.8400000000000001,iter
2376,0.8,0.8968692,0.84,iter
2377,0.8,0.9207827,0.88,iter
2378,0.9,0.9651155,0.9800000000000001,iter
2379,0.8,0.8878138,0.76,iter
2380,0.9,0.9731834,0.9800000000000001,iter
2381,0.8,0.96195287,0.9,iter
2382,0.9,0.92462623,0.9800000000000001,iter
2383,0.7,0.76853406,0.64,iter
2384,0.9,0.9730465,0.9600000000000001,iter
2385,0.9,0.97811675,0.96,iter
2386,0.9,0.9332309,0.9800000000000001,iter
2387,1.0,0.9726465,1.0,iter
2388,0.8,0.8926934,0.8400000000000001,iter
2389,0.9,0.9184792,0.9800000000000001,iter
2390,0.8,0.86129284,0.76,iter
2391,0.9,0.9641603,0.9600000000000001,iter
2392,0.8,0.89179564,0.74,iter
2393,0.8,0.81778055,0.7400000000000001,iter
2394,0.8,0.9317596,0.86,iter
2395,0.8,0.9160958,0.84,iter
2396,0.9,0.9784622,0.9600000000000001,iter
2397,0.8,0.93784386,0.78,iter
2398,0.9,0.95742697,0.8800000000000001,iter
2399,0.8,0.9135362,0.78,iter
2400,0.9,0.96985346,0.8800000000000001,iter
2401,0.9,0.93465495,0.9400000000000001,iter
2402,0.8,0.91114163,0.7999999999999999,iter
2403,0.8,0.9479975,0.84,iter
2404,0.7,0.85710126,0.78,iter
2405,0.9,0.98963886,0.96,iter
2406,0.8,0.9602904,0.8800000000000001,iter
2407,0.9,0.9790957,0.96,iter
2408,0.9,0.92220765,0.9400000000000001,iter
2409,0.8,0.8879773,0.8,iter
2410,0.7,0.8482769,0.68,iter
2411,0.8,0.9287286,0.8,iter
2412,0.9,0.97296613,0.9000000000000001,iter
2413,0.9,0.8888214,0.8600000000000001,iter
2414,0.8,0.818478,0.7,iter
2415,0.8,0.93784666,0.84,iter
2416,0.9,0.97754,0.9800000000000001,iter
2417,0.9,0.9523236,0.8400000000000001,iter
2418,0.8,0.82305306,0.76,iter
2419,0.8,0.98308945,0.8,iter
2420,0.9,0.9782847,0.9400000000000001,iter
2421,0.8,0.9354463,0.86,iter
2422,0.9,0.96631706,0.9,iter
2423,0.8,0.9566085,0.88,iter
2424,0.8,0.99057645,0.8400000000000001,iter
2425,0.7,0.8255374,0.5599999999999999,iter
2426,0.9,0.94588363,0.9800000000000001,iter
2427,0.9,0.96812606,0.9600000000000001,iter
2428,0.6,0.89118063,0.6199999999999999,iter
2429,0.9,0.965987,0.9400000000000001,iter
2430,0.8,0.9668337,0.8800000000000001,iter
2431,0.8,0.8998429,0.84,iter
2432,0.8,0.94713825,0.78,iter
2433,0.8,0.94088,0.8400000000000001,iter
2434,0.8,0.9021344,0.76,iter
2435,0.9,0.928605,0.8600000000000001,iter
2436,0.8,0.9071079,0.78,iter
2437,0.8,0.96876043,0.9,iter
2438,1.0,0.9720305,1.0,iter
2439,0.8,0.92317563,0.78,iter
2440,1.0,0.97917324,1.0,iter
2441,0.9,0.9337459,0.9000000000000001,iter
2442,0.8,0.9404344,0.86,iter
2443,0.8,0.7986923,0.7000000000000001,iter
2444,0.8,0.9539334,0.88,iter
2445,0.7,0.9022459,0.72,iter
2446,0.9,0.9671102,0.96,iter
2447,0.9,0.9546668,0.92,iter
2448,0.8,0.9420957,0.9,iter
2449,0.8,0.95860976,0.84,iter
2450,0.9,0.9525604,0.9400000000000001,iter
2451,0.9,0.9519339,0.92,iter
2452,0.8,0.94403315,0.8800000000000001,iter
2453,0.8,0.96476406,0.8,iter
2454,0.8,0.932035,0.8,iter
2455,0.8,0.9175942,0.76,iter
2456,0.9,0.9432713,0.9400000000000001,iter
2457,0.9,0.9597455,0.9400000000000001,iter
2458,0.8,0.9225624,0.74,iter
2459,0.7,0.890793,0.74,iter
2460,0.9,0.9558252,0.96,iter
2461,0.7,0.95691437,0.76,iter
2462,0.8,0.9609464,0.8799999999999999,iter
2463,0.9,0.93327403,0.9800000000000001,iter
2464,0.8,0.97824794,0.9,iter
2465,0.8,0.7889078,0.64,iter
2466,0.8,0.9484071,0.78,iter
2467,0.8,0.8951084,0.72,iter
2468,0.8,0.9436046,0.84,iter
2469,0.8,0.9365479,0.84,iter
2470,0.8,0.87708163,0.76,iter
2471,0.9,0.9899769,0.9800000000000001,iter
2472,0.9,0.92731595,0.9600000000000001,iter
2473,0.9,0.92746764,0.9400000000000001,iter
2474,0.9,0.96878433,0.9600000000000001,iter
2475,0.9,0.9369709,0.92,iter
2476,0.9,0.9150382,0.8800000000000001,iter
2477,0.8,0.91927415,0.7,iter
2478,0.9,0.97208077,0.9,iter
2479,1.0,0.9666464,1.0,iter
2480,0.9,0.93522996,0.88,iter
2481,0.8,0.8893642,0.8200000000000001,iter
2482,0.8,0.83139056,0.72,iter
2483,0.8,0.92966336,0.86,iter
2484,0.8,0.9453714,0.76,iter
2485,0.8,0.95488554,0.78,iter
2486,0.9,0.98241746,0.9,iter
2487,0.7,0.8691673,0.7,iter
2488,0.8,0.8957596,0.84,iter
2489,0.8,0.93708694,0.7800000000000001,iter
2490,0.8,0.96791124,0.92,iter
2491,0.9,0.95233905,0.9400000000000001,iter
2492,0.8,0.9577821,0.8200000000000001,iter
2493,0.8,0.8318546,0.74,iter
2494,0.9,0.9470721,0.9,iter
2495,0.9,0.9899082,0.9800000000000001,iter
2496,0.9,0.976535,0.92,iter
2497,0.9,0.96718806,0.9400000000000001,iter
2498,0.8,0.9436998,0.8400000000000001,iter
2499,0.8,0.93980426,0.8200000000000001,iter
